-- MySQL dump 10.13  Distrib 5.5.24, for debian-linux-gnu (x86_64)
--
-- Host: localhost    Database: jtaddei_tecmo
-- ------------------------------------------------------
-- Server version	5.5.24-0ubuntu0.12.04.1

/*!40101 SET @OLD_CHARACTER_SET_CLIENT=@@CHARACTER_SET_CLIENT */;
/*!40101 SET @OLD_CHARACTER_SET_RESULTS=@@CHARACTER_SET_RESULTS */;
/*!40101 SET @OLD_COLLATION_CONNECTION=@@COLLATION_CONNECTION */;
/*!40101 SET NAMES utf8 */;
/*!40103 SET @OLD_TIME_ZONE=@@TIME_ZONE */;
/*!40103 SET TIME_ZONE='+00:00' */;
/*!40014 SET @OLD_UNIQUE_CHECKS=@@UNIQUE_CHECKS, UNIQUE_CHECKS=0 */;
/*!40014 SET @OLD_FOREIGN_KEY_CHECKS=@@FOREIGN_KEY_CHECKS, FOREIGN_KEY_CHECKS=0 */;
/*!40101 SET @OLD_SQL_MODE=@@SQL_MODE, SQL_MODE='NO_AUTO_VALUE_ON_ZERO' */;
/*!40111 SET @OLD_SQL_NOTES=@@SQL_NOTES, SQL_NOTES=0 */;

--
-- Table structure for table `auth_group`
--

DROP TABLE IF EXISTS `auth_group`;
/*!40101 SET @saved_cs_client     = @@character_set_client */;
/*!40101 SET character_set_client = utf8 */;
CREATE TABLE `auth_group` (
  `id` int(11) NOT NULL AUTO_INCREMENT,
  `name` varchar(80) NOT NULL,
  PRIMARY KEY (`id`),
  UNIQUE KEY `name` (`name`)
) ENGINE=MyISAM DEFAULT CHARSET=latin1;
/*!40101 SET character_set_client = @saved_cs_client */;

--
-- Dumping data for table `auth_group`
--

LOCK TABLES `auth_group` WRITE;
/*!40000 ALTER TABLE `auth_group` DISABLE KEYS */;
/*!40000 ALTER TABLE `auth_group` ENABLE KEYS */;
UNLOCK TABLES;

--
-- Table structure for table `auth_group_permissions`
--

DROP TABLE IF EXISTS `auth_group_permissions`;
/*!40101 SET @saved_cs_client     = @@character_set_client */;
/*!40101 SET character_set_client = utf8 */;
CREATE TABLE `auth_group_permissions` (
  `id` int(11) NOT NULL AUTO_INCREMENT,
  `group_id` int(11) NOT NULL,
  `permission_id` int(11) NOT NULL,
  PRIMARY KEY (`id`),
  UNIQUE KEY `group_id` (`group_id`,`permission_id`),
  KEY `auth_group_permissions_bda51c3c` (`group_id`),
  KEY `auth_group_permissions_1e014c8f` (`permission_id`)
) ENGINE=MyISAM DEFAULT CHARSET=latin1;
/*!40101 SET character_set_client = @saved_cs_client */;

--
-- Dumping data for table `auth_group_permissions`
--

LOCK TABLES `auth_group_permissions` WRITE;
/*!40000 ALTER TABLE `auth_group_permissions` DISABLE KEYS */;
/*!40000 ALTER TABLE `auth_group_permissions` ENABLE KEYS */;
UNLOCK TABLES;

--
-- Table structure for table `auth_message`
--

DROP TABLE IF EXISTS `auth_message`;
/*!40101 SET @saved_cs_client     = @@character_set_client */;
/*!40101 SET character_set_client = utf8 */;
CREATE TABLE `auth_message` (
  `id` int(11) NOT NULL AUTO_INCREMENT,
  `user_id` int(11) NOT NULL,
  `message` longtext NOT NULL,
  PRIMARY KEY (`id`),
  KEY `auth_message_fbfc09f1` (`user_id`)
) ENGINE=MyISAM DEFAULT CHARSET=latin1;
/*!40101 SET character_set_client = @saved_cs_client */;

--
-- Dumping data for table `auth_message`
--

LOCK TABLES `auth_message` WRITE;
/*!40000 ALTER TABLE `auth_message` DISABLE KEYS */;
/*!40000 ALTER TABLE `auth_message` ENABLE KEYS */;
UNLOCK TABLES;

--
-- Table structure for table `auth_permission`
--

DROP TABLE IF EXISTS `auth_permission`;
/*!40101 SET @saved_cs_client     = @@character_set_client */;
/*!40101 SET character_set_client = utf8 */;
CREATE TABLE `auth_permission` (
  `id` int(11) NOT NULL AUTO_INCREMENT,
  `name` varchar(50) NOT NULL,
  `content_type_id` int(11) NOT NULL,
  `codename` varchar(100) NOT NULL,
  PRIMARY KEY (`id`),
  UNIQUE KEY `content_type_id` (`content_type_id`,`codename`),
  KEY `auth_permission_e4470c6e` (`content_type_id`)
) ENGINE=MyISAM AUTO_INCREMENT=100 DEFAULT CHARSET=latin1;
/*!40101 SET character_set_client = @saved_cs_client */;

--
-- Dumping data for table `auth_permission`
--

LOCK TABLES `auth_permission` WRITE;
/*!40000 ALTER TABLE `auth_permission` DISABLE KEYS */;
INSERT INTO `auth_permission` VALUES (1,'Can add permission',1,'add_permission'),(2,'Can change permission',1,'change_permission'),(3,'Can delete permission',1,'delete_permission'),(4,'Can add group',2,'add_group'),(5,'Can change group',2,'change_group'),(6,'Can delete group',2,'delete_group'),(7,'Can add user',3,'add_user'),(8,'Can change user',3,'change_user'),(9,'Can delete user',3,'delete_user'),(10,'Can add message',4,'add_message'),(11,'Can change message',4,'change_message'),(12,'Can delete message',4,'delete_message'),(13,'Can add content type',5,'add_contenttype'),(14,'Can change content type',5,'change_contenttype'),(15,'Can delete content type',5,'delete_contenttype'),(16,'Can add session',6,'add_session'),(17,'Can change session',6,'change_session'),(18,'Can delete session',6,'delete_session'),(19,'Can add site',7,'add_site'),(20,'Can change site',7,'change_site'),(21,'Can delete site',7,'delete_site'),(22,'Can add log entry',8,'add_logentry'),(23,'Can change log entry',8,'change_logentry'),(24,'Can delete log entry',8,'delete_logentry'),(25,'Can add pro_ team',9,'add_pro_team'),(26,'Can change pro_ team',9,'change_pro_team'),(27,'Can delete pro_ team',9,'delete_pro_team'),(28,'Can add player',10,'add_player'),(29,'Can change player',10,'change_player'),(30,'Can delete player',10,'delete_player'),(31,'Can add schedule',11,'add_schedule'),(32,'Can change schedule',11,'change_schedule'),(33,'Can delete schedule',11,'delete_schedule'),(34,'Can add stats',12,'add_stats'),(35,'Can change stats',12,'change_stats'),(36,'Can delete stats',12,'delete_stats'),(37,'Can add league',13,'add_league'),(38,'Can change league',13,'change_league'),(39,'Can delete league',13,'delete_league'),(40,'Can add user profile',14,'add_userprofile'),(41,'Can change user profile',14,'change_userprofile'),(42,'Can delete user profile',14,'delete_userprofile'),(43,'Can add team',15,'add_team'),(44,'Can change team',15,'change_team'),(45,'Can delete team',15,'delete_team'),(46,'Can add roster',16,'add_roster'),(47,'Can change roster',16,'change_roster'),(48,'Can delete roster',16,'delete_roster'),(49,'Can add curweek',17,'add_curweek'),(50,'Can change curweek',17,'change_curweek'),(51,'Can delete curweek',17,'delete_curweek'),(52,'Can add transaction',18,'add_transaction'),(53,'Can change transaction',18,'change_transaction'),(54,'Can delete transaction',18,'delete_transaction'),(55,'Can add matchup',19,'add_matchup'),(56,'Can change matchup',19,'change_matchup'),(57,'Can delete matchup',19,'delete_matchup'),(58,'Can add Category',20,'add_category'),(59,'Can change Category',20,'change_category'),(60,'Can delete Category',20,'delete_category'),(61,'Can add Forum',21,'add_forum'),(62,'Can change Forum',21,'change_forum'),(63,'Can delete Forum',21,'delete_forum'),(64,'Can add Topic',22,'add_topic'),(65,'Can change Topic',22,'change_topic'),(66,'Can delete Topic',22,'delete_topic'),(67,'Can add Post',23,'add_post'),(68,'Can change Post',23,'change_post'),(69,'Can delete Post',23,'delete_post'),(70,'Can add Profile',24,'add_profile'),(71,'Can change Profile',24,'change_profile'),(72,'Can delete Profile',24,'delete_profile'),(73,'Can add Attachment',25,'add_attachment'),(74,'Can change Attachment',25,'change_attachment'),(75,'Can delete Attachment',25,'delete_attachment'),(76,'Can add Topic read tracker',26,'add_topicreadtracker'),(77,'Can change Topic read tracker',26,'change_topicreadtracker'),(78,'Can delete Topic read tracker',26,'delete_topicreadtracker'),(79,'Can add Forum read tracker',27,'add_forumreadtracker'),(80,'Can change Forum read tracker',27,'change_forumreadtracker'),(81,'Can delete Forum read tracker',27,'delete_forumreadtracker'),(82,'Can add kv store',28,'add_kvstore'),(83,'Can change kv store',28,'change_kvstore'),(84,'Can delete kv store',28,'delete_kvstore'),(85,'Can add draft',29,'add_draft'),(86,'Can change draft',29,'change_draft'),(87,'Can delete draft',29,'delete_draft'),(88,'Can add draft team',30,'add_draftteam'),(89,'Can change draft team',30,'change_draftteam'),(90,'Can delete draft team',30,'delete_draftteam'),(91,'Can add draft order',31,'add_draftorder'),(92,'Can change draft order',31,'change_draftorder'),(93,'Can delete draft order',31,'delete_draftorder'),(94,'Can add draft pick',32,'add_draftpick'),(95,'Can change draft pick',32,'change_draftpick'),(96,'Can delete draft pick',32,'delete_draftpick'),(97,'Can add registration profile',33,'add_registrationprofile'),(98,'Can change registration profile',33,'change_registrationprofile'),(99,'Can delete registration profile',33,'delete_registrationprofile');
/*!40000 ALTER TABLE `auth_permission` ENABLE KEYS */;
UNLOCK TABLES;

--
-- Table structure for table `auth_user`
--

DROP TABLE IF EXISTS `auth_user`;
/*!40101 SET @saved_cs_client     = @@character_set_client */;
/*!40101 SET character_set_client = utf8 */;
CREATE TABLE `auth_user` (
  `id` int(11) NOT NULL AUTO_INCREMENT,
  `username` varchar(30) NOT NULL,
  `first_name` varchar(30) NOT NULL,
  `last_name` varchar(30) NOT NULL,
  `email` varchar(75) NOT NULL,
  `password` varchar(128) NOT NULL,
  `is_staff` tinyint(1) NOT NULL,
  `is_active` tinyint(1) NOT NULL,
  `is_superuser` tinyint(1) NOT NULL,
  `last_login` datetime NOT NULL,
  `date_joined` datetime NOT NULL,
  PRIMARY KEY (`id`),
  UNIQUE KEY `username` (`username`)
) ENGINE=MyISAM AUTO_INCREMENT=36 DEFAULT CHARSET=latin1;
/*!40101 SET character_set_client = @saved_cs_client */;

--
-- Dumping data for table `auth_user`
--

LOCK TABLES `auth_user` WRITE;
/*!40000 ALTER TABLE `auth_user` DISABLE KEYS */;
INSERT INTO `auth_user` VALUES (1,'jtaddei','Joel','Taddei','','sha1$3b9d5$2baf7e2c432e34f5e921a475a8a8af070741c24c',1,1,1,'2012-06-11 23:00:24','2011-08-21 19:43:26'),(18,'staddei','Sarah','Taddei','sbtaddei@gmail.com','sha1$707bd$c2ecfa784bf1c8a99e75d3ff3f5a9914220d2621',0,1,0,'2012-04-09 20:25:28','2011-09-26 21:29:19'),(20,'mknobbe','Matt','Knobbe','mknobbe@knobbe.org','sha1$535a5$46ea8dc001e839c47b73d35ea49ec7e007e0068f',0,1,0,'2012-02-23 21:52:01','2011-10-09 20:16:29'),(21,'mprior','Mike','Prior','priormike@gmail.com','sha1$f7410$ad9ea57fe2b483cacea3b616b3857da53812b619',0,1,0,'2012-02-22 12:23:25','2011-10-10 21:21:18'),(22,'mrose','Michael','Rose','mbrose1@gmail.com','sha1$6de4c$2e5d4b4d9a5c23987a40b09eae195568802127d0',0,1,0,'2012-02-23 12:41:56','2012-01-08 20:31:20'),(26,'jharrell','Jess','Harrell','jharrell@sumtotalsystems.com','sha1$543e1$374da4be135e2d460c9be12bca2e4113cfe945a3',0,1,0,'2012-02-28 08:02:04','2012-01-08 23:33:30'),(27,'jhansen','John','Hansen','jhansen@chasesuitehotels.com','sha1$3addd$0b721bc65175938eed83c853ab78854c85dc7aa3',0,1,0,'2012-02-28 15:51:44','2012-01-14 22:33:12'),(28,'jmcglennon','John','McGlennon','jpm727@gmail.com','sha1$b6931$3e8bd5be6c7a0052fb4a2f825b83384590825a7d',0,1,0,'2012-02-21 15:01:41','2012-01-14 22:33:36'),(29,'dmurray','Dave','M','dave@davemurray.me','sha1$608fa$a895a43c8c2c5c4cac7abc188d2becce554c9f58',0,1,0,'2012-06-05 23:09:19','2012-01-14 22:33:50'),(30,'kknowles','Kevin','Knowles','kknowles@sumtotalsystems.com','sha1$83abd$4f547bac17294b8a873104b87900f97993b9ddbd',0,1,0,'2012-03-03 15:38:07','2012-01-14 22:34:05'),(32,'Anonymous','','','','',0,1,0,'2012-01-27 20:23:56','2012-01-27 20:23:56'),(33,'joel','Joel','Tester','hazardouseq@gmail.com','sha1$69d61$05d4214a07be4eb6a52eeb4cf5d1c77c142c2691',0,1,0,'2012-06-09 21:19:38','2012-06-06 21:36:02'),(34,'jmreicha','Josh','Reichardt','josh.reichardt@gmail.com','sha1$1d2ec$aaaf48d7a9c78bae2a66c17556abe80c2bf83d69',0,1,0,'2012-06-06 22:09:07','2012-06-06 22:08:24'),(35,'Wild','','','henrymontana1978@gmail.com','sha1$5f588$60cdaa5924b08e661adf9301d777bd1c756f106a',0,1,0,'2012-06-08 14:28:12','2012-06-08 14:26:12');
/*!40000 ALTER TABLE `auth_user` ENABLE KEYS */;
UNLOCK TABLES;

--
-- Table structure for table `auth_user_groups`
--

DROP TABLE IF EXISTS `auth_user_groups`;
/*!40101 SET @saved_cs_client     = @@character_set_client */;
/*!40101 SET character_set_client = utf8 */;
CREATE TABLE `auth_user_groups` (
  `id` int(11) NOT NULL AUTO_INCREMENT,
  `user_id` int(11) NOT NULL,
  `group_id` int(11) NOT NULL,
  PRIMARY KEY (`id`),
  UNIQUE KEY `user_id` (`user_id`,`group_id`),
  KEY `auth_user_groups_fbfc09f1` (`user_id`),
  KEY `auth_user_groups_bda51c3c` (`group_id`)
) ENGINE=MyISAM DEFAULT CHARSET=latin1;
/*!40101 SET character_set_client = @saved_cs_client */;

--
-- Dumping data for table `auth_user_groups`
--

LOCK TABLES `auth_user_groups` WRITE;
/*!40000 ALTER TABLE `auth_user_groups` DISABLE KEYS */;
/*!40000 ALTER TABLE `auth_user_groups` ENABLE KEYS */;
UNLOCK TABLES;

--
-- Table structure for table `auth_user_user_permissions`
--

DROP TABLE IF EXISTS `auth_user_user_permissions`;
/*!40101 SET @saved_cs_client     = @@character_set_client */;
/*!40101 SET character_set_client = utf8 */;
CREATE TABLE `auth_user_user_permissions` (
  `id` int(11) NOT NULL AUTO_INCREMENT,
  `user_id` int(11) NOT NULL,
  `permission_id` int(11) NOT NULL,
  PRIMARY KEY (`id`),
  UNIQUE KEY `user_id` (`user_id`,`permission_id`),
  KEY `auth_user_user_permissions_fbfc09f1` (`user_id`),
  KEY `auth_user_user_permissions_1e014c8f` (`permission_id`)
) ENGINE=MyISAM AUTO_INCREMENT=43 DEFAULT CHARSET=latin1;
/*!40101 SET character_set_client = @saved_cs_client */;

--
-- Dumping data for table `auth_user_user_permissions`
--

LOCK TABLES `auth_user_user_permissions` WRITE;
/*!40000 ALTER TABLE `auth_user_user_permissions` DISABLE KEYS */;
INSERT INTO `auth_user_user_permissions` VALUES (42,1,67),(41,1,64),(9,27,64),(10,27,67),(5,32,64),(6,32,67),(11,18,64),(12,18,67),(32,26,67),(31,26,64),(39,20,64),(40,20,67),(17,28,64),(18,28,67),(36,30,67),(35,30,64),(21,22,64),(22,22,67),(34,21,67),(33,21,64),(37,29,64),(38,29,67);
/*!40000 ALTER TABLE `auth_user_user_permissions` ENABLE KEYS */;
UNLOCK TABLES;

--
-- Table structure for table `django_admin_log`
--

DROP TABLE IF EXISTS `django_admin_log`;
/*!40101 SET @saved_cs_client     = @@character_set_client */;
/*!40101 SET character_set_client = utf8 */;
CREATE TABLE `django_admin_log` (
  `id` int(11) NOT NULL AUTO_INCREMENT,
  `action_time` datetime NOT NULL,
  `user_id` int(11) NOT NULL,
  `content_type_id` int(11) DEFAULT NULL,
  `object_id` longtext,
  `object_repr` varchar(200) NOT NULL,
  `action_flag` smallint(5) unsigned NOT NULL,
  `change_message` longtext NOT NULL,
  PRIMARY KEY (`id`),
  KEY `django_admin_log_fbfc09f1` (`user_id`),
  KEY `django_admin_log_e4470c6e` (`content_type_id`)
) ENGINE=MyISAM AUTO_INCREMENT=88 DEFAULT CHARSET=latin1;
/*!40101 SET character_set_client = @saved_cs_client */;

--
-- Dumping data for table `django_admin_log`
--

LOCK TABLES `django_admin_log` WRITE;
/*!40000 ALTER TABLE `django_admin_log` DISABLE KEYS */;
INSERT INTO `django_admin_log` VALUES (1,'2011-09-22 19:01:28',1,3,'3','test',1,''),(2,'2011-09-22 19:01:54',1,3,'3','tecmo',2,'Changed username, first_name, last_name, email and is_superuser.'),(3,'2011-09-22 19:41:57',1,3,'1','jtaddei',2,'Changed first_name and last_name.'),(4,'2011-09-22 19:42:34',1,3,'3','tecmo',3,''),(5,'2011-09-22 19:45:01',1,3,'1','jtaddei',2,'No fields changed.'),(6,'2011-09-22 19:45:04',1,3,'1','jtaddei',2,'No fields changed.'),(7,'2011-09-22 20:27:00',1,3,'4','test',1,''),(8,'2011-09-22 20:27:09',1,3,'4','test',2,'Changed first_name, last_name and email.'),(9,'2011-09-22 20:31:57',1,3,'7','test1',1,''),(10,'2011-09-22 20:32:09',1,3,'7','test1',2,'Changed first_name, last_name and email.'),(11,'2011-09-22 20:32:32',1,3,'4','test',3,''),(12,'2011-09-22 20:32:32',1,3,'7','test1',3,''),(13,'2011-09-22 20:32:36',1,3,'1','jtaddei',2,'No fields changed.'),(14,'2011-09-22 20:57:35',1,3,'9','test',1,''),(15,'2011-09-22 20:58:29',1,3,'9','test',3,''),(16,'2011-09-22 21:05:52',1,3,'12','test',1,''),(17,'2011-09-22 21:34:38',1,3,'13','test',1,''),(18,'2011-09-22 21:34:45',1,3,'13','test',2,'Changed first_name, last_name and email.'),(19,'2011-09-22 21:36:22',1,3,'13','test',3,''),(20,'2011-09-22 21:36:55',1,3,'14','test',1,''),(21,'2011-09-22 21:37:01',1,3,'14','test',2,'Changed first_name, last_name and email.'),(22,'2011-09-23 19:11:45',1,3,'15','test2',1,''),(23,'2011-09-23 19:11:54',1,3,'15','test2',2,'Changed first_name, last_name and email.'),(24,'2011-09-24 18:02:22',1,3,'16','sarah',1,''),(25,'2011-09-24 18:02:35',1,3,'16','sarah',2,'Changed first_name, last_name and email.'),(26,'2011-09-26 21:14:06',1,3,'17','battin',1,''),(27,'2011-09-26 21:14:27',1,3,'17','battin',2,'Changed first_name, last_name and email.'),(28,'2011-09-26 21:29:10',1,3,'17','battin',3,''),(29,'2011-09-26 21:29:19',1,3,'18','battin',1,''),(30,'2011-09-26 21:29:29',1,3,'18','battin',2,'Changed first_name, last_name and email.'),(31,'2011-10-08 12:24:32',1,3,'19','van',1,''),(32,'2011-10-08 12:25:52',1,3,'19','van',2,'Changed first_name, last_name and email.'),(33,'2011-10-09 20:16:29',1,3,'20','greg',1,''),(34,'2011-10-09 20:17:17',1,3,'20','greg',2,'Changed first_name, last_name and email.'),(35,'2011-10-09 20:17:19',1,3,'20','greg',2,'No fields changed.'),(36,'2011-10-10 21:21:18',1,3,'21','aaron',1,''),(37,'2011-10-10 21:21:33',1,3,'21','aaron',2,'Changed first_name, last_name and email.'),(38,'2012-01-08 20:31:20',1,3,'22','mrose',1,''),(39,'2012-01-08 20:31:31',1,3,'22','mrose',2,'Changed first_name, last_name and email.'),(40,'2012-01-08 23:28:04',1,3,'25','shakefu',1,''),(41,'2012-01-08 23:28:22',1,3,'25','shakefu',2,'Changed first_name, last_name and email.'),(42,'2012-01-08 23:33:30',1,3,'26','jake',1,''),(43,'2012-01-08 23:33:48',1,3,'26','jake',2,'Changed first_name and last_name.'),(44,'2012-01-14 22:33:12',1,3,'27','test1',1,''),(45,'2012-01-14 22:33:20',1,3,'27','test1',2,'Changed first_name and last_name.'),(46,'2012-01-14 22:33:36',1,3,'28','test3',1,''),(47,'2012-01-14 22:33:44',1,3,'28','test3',2,'Changed first_name and last_name.'),(48,'2012-01-14 22:33:50',1,3,'29','test4',1,''),(49,'2012-01-14 22:33:58',1,3,'29','test4',2,'Changed first_name and last_name.'),(50,'2012-01-14 22:34:05',1,3,'30','test5',1,''),(51,'2012-01-14 22:34:13',1,3,'30','test5',2,'Changed first_name and last_name.'),(52,'2012-01-14 22:34:20',1,3,'31','test6',1,''),(53,'2012-01-14 22:34:31',1,3,'31','test6',2,'Changed first_name and last_name.'),(54,'2012-01-14 22:34:42',1,3,'15','test2',3,''),(55,'2012-01-26 21:14:31',1,20,'1','Trash Talk',1,''),(56,'2012-01-30 20:20:30',1,3,'21','ataddei',2,'Changed username.'),(57,'2012-01-30 20:20:59',1,3,'16','sarah',3,''),(58,'2012-01-30 20:21:06',1,3,'19','van',3,''),(59,'2012-01-30 20:21:35',1,3,'14','test',3,''),(60,'2012-01-30 20:22:29',1,3,'18','staddei',2,'Changed username, first_name, last_name and email.'),(61,'2012-01-30 20:22:55',1,3,'18','staddei',2,'No fields changed.'),(62,'2012-01-30 20:23:29',1,3,'27','jhansen',2,'Changed username, first_name, last_name and email.'),(63,'2012-01-30 20:23:43',1,3,'27','jhansen',2,'No fields changed.'),(64,'2012-01-30 20:24:02',1,3,'20','gschaff',2,'Changed username.'),(65,'2012-01-30 20:30:40',1,3,'20','gschaff',2,'No fields changed.'),(66,'2012-01-30 20:30:55',1,3,'26','jalheid',2,'Changed username.'),(67,'2012-01-30 20:31:32',1,3,'26','jalheid',2,'No fields changed.'),(68,'2012-01-30 20:32:01',1,3,'22','mrose',2,'No fields changed.'),(69,'2012-01-30 20:32:51',1,3,'28','jmcglennon',2,'Changed username, first_name, last_name and email.'),(70,'2012-01-30 20:33:21',1,3,'28','jmcglennon',2,'No fields changed.'),(71,'2012-01-30 20:33:54',1,3,'25','shakefu',3,''),(72,'2012-01-30 20:34:20',1,3,'29','mhunter',2,'Changed username, first_name, last_name and email.'),(73,'2012-01-30 20:34:54',1,3,'29','mhunter',2,'No fields changed.'),(74,'2012-01-30 20:35:17',1,3,'31','test6',3,''),(75,'2012-01-30 20:35:41',1,3,'30','jreichardt',2,'Changed username, first_name, last_name and email.'),(76,'2012-01-30 20:36:06',1,3,'30','jreichardt',2,'No fields changed.'),(77,'2012-01-30 20:39:32',1,3,'26','jalheid',2,'No fields changed.'),(78,'2012-02-16 22:05:58',1,3,'20','bhildreth',2,'Changed username, first_name, last_name and email.'),(79,'2012-02-16 22:09:11',1,3,'29','gschaff',2,'Changed username, first_name, last_name and email.'),(80,'2012-02-17 23:08:47',1,3,'26','jharrell',2,'Changed username, first_name, last_name and email.'),(81,'2012-02-17 23:10:42',1,3,'21','mprior',2,'Changed username, first_name, last_name and email.'),(82,'2012-02-17 23:21:35',1,3,'30','kknowles',2,'Changed username, first_name, last_name and email.'),(83,'2012-02-18 21:17:27',1,3,'29','dmurray',2,'Changed username, first_name, last_name and email.'),(84,'2012-02-21 12:12:32',1,3,'20','mknobbe',2,'Changed username, first_name, last_name and email.'),(85,'2012-02-28 12:29:04',1,22,'30','[FIXED] BYE WEEKS',2,'Changed name.'),(86,'2012-03-13 22:14:14',1,22,'31','Hairy Fagpipes',3,''),(87,'2012-06-06 21:59:29',1,3,'1','jtaddei',2,'Changed email.');
/*!40000 ALTER TABLE `django_admin_log` ENABLE KEYS */;
UNLOCK TABLES;

--
-- Table structure for table `django_content_type`
--

DROP TABLE IF EXISTS `django_content_type`;
/*!40101 SET @saved_cs_client     = @@character_set_client */;
/*!40101 SET character_set_client = utf8 */;
CREATE TABLE `django_content_type` (
  `id` int(11) NOT NULL AUTO_INCREMENT,
  `name` varchar(100) NOT NULL,
  `app_label` varchar(100) NOT NULL,
  `model` varchar(100) NOT NULL,
  PRIMARY KEY (`id`),
  UNIQUE KEY `app_label` (`app_label`,`model`)
) ENGINE=MyISAM AUTO_INCREMENT=34 DEFAULT CHARSET=latin1;
/*!40101 SET character_set_client = @saved_cs_client */;

--
-- Dumping data for table `django_content_type`
--

LOCK TABLES `django_content_type` WRITE;
/*!40000 ALTER TABLE `django_content_type` DISABLE KEYS */;
INSERT INTO `django_content_type` VALUES (1,'permission','auth','permission'),(2,'group','auth','group'),(3,'user','auth','user'),(4,'message','auth','message'),(5,'content type','contenttypes','contenttype'),(6,'session','sessions','session'),(7,'site','sites','site'),(8,'log entry','admin','logentry'),(9,'pro_ team','players','pro_team'),(10,'player','players','player'),(11,'schedule','players','schedule'),(12,'stats','players','stats'),(13,'league','players','league'),(14,'user profile','players','userprofile'),(15,'team','players','team'),(16,'roster','players','roster'),(17,'curweek','players','curweek'),(18,'transaction','players','transaction'),(19,'matchup','players','matchup'),(20,'Category','pybb','category'),(21,'Forum','pybb','forum'),(22,'Topic','pybb','topic'),(23,'Post','pybb','post'),(24,'Profile','pybb','profile'),(25,'Attachment','pybb','attachment'),(26,'Topic read tracker','pybb','topicreadtracker'),(27,'Forum read tracker','pybb','forumreadtracker'),(28,'kv store','thumbnail','kvstore'),(29,'draft','players','draft'),(30,'draft team','players','draftteam'),(31,'draft order','players','draftorder'),(32,'draft pick','players','draftpick'),(33,'registration profile','registration','registrationprofile');
/*!40000 ALTER TABLE `django_content_type` ENABLE KEYS */;
UNLOCK TABLES;

--
-- Table structure for table `django_redirect`
--

DROP TABLE IF EXISTS `django_redirect`;
/*!40101 SET @saved_cs_client     = @@character_set_client */;
/*!40101 SET character_set_client = utf8 */;
CREATE TABLE `django_redirect` (
  `id` int(11) NOT NULL AUTO_INCREMENT,
  `site_id` int(11) NOT NULL,
  `old_path` varchar(200) NOT NULL,
  `new_path` varchar(200) NOT NULL,
  PRIMARY KEY (`id`),
  UNIQUE KEY `site_id` (`site_id`,`old_path`),
  KEY `django_redirect_6223029` (`site_id`),
  KEY `django_redirect_516c23f0` (`old_path`),
  CONSTRAINT `site_id_refs_id_4aa27aa6` FOREIGN KEY (`site_id`) REFERENCES `django_site` (`id`)
) ENGINE=InnoDB DEFAULT CHARSET=latin1;
/*!40101 SET character_set_client = @saved_cs_client */;

--
-- Dumping data for table `django_redirect`
--

LOCK TABLES `django_redirect` WRITE;
/*!40000 ALTER TABLE `django_redirect` DISABLE KEYS */;
/*!40000 ALTER TABLE `django_redirect` ENABLE KEYS */;
UNLOCK TABLES;

--
-- Table structure for table `django_session`
--

DROP TABLE IF EXISTS `django_session`;
/*!40101 SET @saved_cs_client     = @@character_set_client */;
/*!40101 SET character_set_client = utf8 */;
CREATE TABLE `django_session` (
  `session_key` varchar(40) NOT NULL,
  `session_data` longtext NOT NULL,
  `expire_date` datetime NOT NULL,
  PRIMARY KEY (`session_key`),
  KEY `django_session_c25c2c28` (`expire_date`)
) ENGINE=MyISAM DEFAULT CHARSET=latin1;
/*!40101 SET character_set_client = @saved_cs_client */;

--
-- Dumping data for table `django_session`
--

LOCK TABLES `django_session` WRITE;
/*!40000 ALTER TABLE `django_session` DISABLE KEYS */;
INSERT INTO `django_session` VALUES ('0213c3bdc6cefa429db36c973221b850','YmY3MDVmMGMzYTNlZmU1ZGU0ZmE4ZWRhMmMzOTcyNTM0MzMwN2MyNDqAAn1xAVUKdGVzdGNvb2tp\nZXECVQZ3b3JrZWRxA3Mu\n','2011-12-22 12:32:28'),('047a73b4a2e0a3d73f136ca710e0bf02','YmY3MDVmMGMzYTNlZmU1ZGU0ZmE4ZWRhMmMzOTcyNTM0MzMwN2MyNDqAAn1xAVUKdGVzdGNvb2tp\nZXECVQZ3b3JrZWRxA3Mu\n','2011-11-22 00:46:59'),('05702c52a43d594eec356e61af0ac9a3','YmY3MDVmMGMzYTNlZmU1ZGU0ZmE4ZWRhMmMzOTcyNTM0MzMwN2MyNDqAAn1xAVUKdGVzdGNvb2tp\nZXECVQZ3b3JrZWRxA3Mu\n','2011-12-12 22:47:17'),('08f46216490367a4fec45999323a02bb','YmY3MDVmMGMzYTNlZmU1ZGU0ZmE4ZWRhMmMzOTcyNTM0MzMwN2MyNDqAAn1xAVUKdGVzdGNvb2tp\nZXECVQZ3b3JrZWRxA3Mu\n','2011-12-14 10:05:29'),('09ca2cb3d1b49825b16eb9c28dfd1758','YmY3MDVmMGMzYTNlZmU1ZGU0ZmE4ZWRhMmMzOTcyNTM0MzMwN2MyNDqAAn1xAVUKdGVzdGNvb2tp\nZXECVQZ3b3JrZWRxA3Mu\n','2011-10-15 12:37:35'),('0be9ff2464cad49f4fa3bd94337a74be','YmY3MDVmMGMzYTNlZmU1ZGU0ZmE4ZWRhMmMzOTcyNTM0MzMwN2MyNDqAAn1xAVUKdGVzdGNvb2tp\nZXECVQZ3b3JrZWRxA3Mu\n','2011-10-11 11:02:13'),('0d74960d257b6b1bc6173b0ccb670ed3','YmY3MDVmMGMzYTNlZmU1ZGU0ZmE4ZWRhMmMzOTcyNTM0MzMwN2MyNDqAAn1xAVUKdGVzdGNvb2tp\nZXECVQZ3b3JrZWRxA3Mu\n','2011-12-15 20:26:54'),('0d8f8f5367a0ffbe42b91eceba656bce','YmY3MDVmMGMzYTNlZmU1ZGU0ZmE4ZWRhMmMzOTcyNTM0MzMwN2MyNDqAAn1xAVUKdGVzdGNvb2tp\nZXECVQZ3b3JrZWRxA3Mu\n','2011-10-29 13:35:59'),('0d9efb38ebd502ec3e3995992f1cb71e','ZDc4MDA3M2ZiNGYwODAwYTQ5NDc2YWQ0NWI4YzdiYjU4MDVmMDNiMjqAAn1xAShVCnRlc3Rjb29r\naWVxAlUGd29ya2VkcQNVDV9hdXRoX3VzZXJfaWRxBIoBEFUSX2F1dGhfdXNlcl9iYWNrZW5kcQVV\nKWRqYW5nby5jb250cmliLmF1dGguYmFja2VuZHMuTW9kZWxCYWNrZW5kcQZ1Lg==\n','2011-10-10 13:10:44'),('0eb30497150e752f60864d9cde43c14b','YmY3MDVmMGMzYTNlZmU1ZGU0ZmE4ZWRhMmMzOTcyNTM0MzMwN2MyNDqAAn1xAVUKdGVzdGNvb2tp\nZXECVQZ3b3JrZWRxA3Mu\n','2011-12-17 07:37:36'),('121f9d9875ac2a5f1fc4fe3005f4c756','YmY3MDVmMGMzYTNlZmU1ZGU0ZmE4ZWRhMmMzOTcyNTM0MzMwN2MyNDqAAn1xAVUKdGVzdGNvb2tp\nZXECVQZ3b3JrZWRxA3Mu\n','2011-10-16 23:24:34'),('122b23cf95ae9caee00933cbc18d184b','YmY3MDVmMGMzYTNlZmU1ZGU0ZmE4ZWRhMmMzOTcyNTM0MzMwN2MyNDqAAn1xAVUKdGVzdGNvb2tp\nZXECVQZ3b3JrZWRxA3Mu\n','2011-11-26 02:27:35'),('13b89985007245efe10ae3fbafe5a68d','YmY3MDVmMGMzYTNlZmU1ZGU0ZmE4ZWRhMmMzOTcyNTM0MzMwN2MyNDqAAn1xAVUKdGVzdGNvb2tp\nZXECVQZ3b3JrZWRxA3Mu\n','2011-11-12 05:26:50'),('13f1cad44a5d517e4a82795ea7cf22c8','YmY3MDVmMGMzYTNlZmU1ZGU0ZmE4ZWRhMmMzOTcyNTM0MzMwN2MyNDqAAn1xAVUKdGVzdGNvb2tp\nZXECVQZ3b3JrZWRxA3Mu\n','2011-12-12 22:47:17'),('14692fca8b1a3acb821d907d3715b2fb','YmY3MDVmMGMzYTNlZmU1ZGU0ZmE4ZWRhMmMzOTcyNTM0MzMwN2MyNDqAAn1xAVUKdGVzdGNvb2tp\nZXECVQZ3b3JrZWRxA3Mu\n','2012-01-23 21:00:39'),('1560a0ff6dbd4aec9562deb4449812c0','YmY3MDVmMGMzYTNlZmU1ZGU0ZmE4ZWRhMmMzOTcyNTM0MzMwN2MyNDqAAn1xAVUKdGVzdGNvb2tp\nZXECVQZ3b3JrZWRxA3Mu\n','2011-11-16 01:07:10'),('1714ac5f8b86dd455fb7316a6eaea923','YmY3MDVmMGMzYTNlZmU1ZGU0ZmE4ZWRhMmMzOTcyNTM0MzMwN2MyNDqAAn1xAVUKdGVzdGNvb2tp\nZXECVQZ3b3JrZWRxA3Mu\n','2012-01-08 03:12:23'),('1968697ba4653ca0ff266486ebc79cb4','YmY3MDVmMGMzYTNlZmU1ZGU0ZmE4ZWRhMmMzOTcyNTM0MzMwN2MyNDqAAn1xAVUKdGVzdGNvb2tp\nZXECVQZ3b3JrZWRxA3Mu\n','2011-10-22 12:42:13'),('1c12b18c6f69221a2e26bbef1833244a','YmY3MDVmMGMzYTNlZmU1ZGU0ZmE4ZWRhMmMzOTcyNTM0MzMwN2MyNDqAAn1xAVUKdGVzdGNvb2tp\nZXECVQZ3b3JrZWRxA3Mu\n','2011-10-31 11:30:43'),('1c2d55d1fe10601d8e00765adba131af','M2NkODU2NmE4Yzk5YjBmNzM2ZmVkZTE5YmFiNWVmMjM3MjQzYzg4NzqAAn1xAShVEl9hdXRoX3Vz\nZXJfYmFja2VuZHECVSlkamFuZ28uY29udHJpYi5hdXRoLmJhY2tlbmRzLk1vZGVsQmFja2VuZHED\nVQ1fYXV0aF91c2VyX2lkcQSKAQF1Lg==\n','2012-01-05 09:46:17'),('1d647e25d8564818e91c1549eb63c78e','M2NkODU2NmE4Yzk5YjBmNzM2ZmVkZTE5YmFiNWVmMjM3MjQzYzg4NzqAAn1xAShVEl9hdXRoX3Vz\nZXJfYmFja2VuZHECVSlkamFuZ28uY29udHJpYi5hdXRoLmJhY2tlbmRzLk1vZGVsQmFja2VuZHED\nVQ1fYXV0aF91c2VyX2lkcQSKAQF1Lg==\n','2012-01-22 20:32:59'),('1e3c143116d133aa0c9b3d2d3498c85f','ZDIwN2YwZmM0MjdhNmI3N2Q3MTliNjI0ZTliMjA5ZTZmZTllZGE4MDqAAn1xAShVCnRlc3Rjb29r\naWVVBndvcmtlZHECVRJfYXV0aF91c2VyX2JhY2tlbmRVKWRqYW5nby5jb250cmliLmF1dGguYmFj\na2VuZHMuTW9kZWxCYWNrZW5kVQ1fYXV0aF91c2VyX2lkigESdS4=\n','2011-11-09 13:23:37'),('1f078aeb8bdb4ffcfededaf615885d55','M2NkODU2NmE4Yzk5YjBmNzM2ZmVkZTE5YmFiNWVmMjM3MjQzYzg4NzqAAn1xAShVEl9hdXRoX3Vz\nZXJfYmFja2VuZHECVSlkamFuZ28uY29udHJpYi5hdXRoLmJhY2tlbmRzLk1vZGVsQmFja2VuZHED\nVQ1fYXV0aF91c2VyX2lkcQSKAQF1Lg==\n','2012-01-20 21:50:51'),('210227cf35acde01bc84594afdaae374','YmY3MDVmMGMzYTNlZmU1ZGU0ZmE4ZWRhMmMzOTcyNTM0MzMwN2MyNDqAAn1xAVUKdGVzdGNvb2tp\nZXECVQZ3b3JrZWRxA3Mu\n','2012-01-08 17:45:38'),('2ac87f10f0c30f42699d99fcd5eab6ce','YmY3MDVmMGMzYTNlZmU1ZGU0ZmE4ZWRhMmMzOTcyNTM0MzMwN2MyNDqAAn1xAVUKdGVzdGNvb2tp\nZXECVQZ3b3JrZWRxA3Mu\n','2011-12-09 22:41:23'),('2de623434273a24e6ec5d1860019ea6f','YmY3MDVmMGMzYTNlZmU1ZGU0ZmE4ZWRhMmMzOTcyNTM0MzMwN2MyNDqAAn1xAVUKdGVzdGNvb2tp\nZXECVQZ3b3JrZWRxA3Mu\n','2012-01-07 19:45:03'),('319ab6bf2f493b9e2f27b59fc5636be3','YmY3MDVmMGMzYTNlZmU1ZGU0ZmE4ZWRhMmMzOTcyNTM0MzMwN2MyNDqAAn1xAVUKdGVzdGNvb2tp\nZXECVQZ3b3JrZWRxA3Mu\n','2011-12-14 10:05:29'),('33a1ac5e9ff3b9bb23aa80cd22c40977','YTgwMTVjM2JlMjg2YjYxMzQxZGYyN2RiN2RlNjVkYjExYjcyMmEyMzqAAn1xAShVEl9hdXRoX3Vz\nZXJfYmFja2VuZHECVSlkamFuZ28uY29udHJpYi5hdXRoLmJhY2tlbmRzLk1vZGVsQmFja2VuZHED\nVQ1fYXV0aF91c2VyX2lkcQSKARJ1Lg==\n','2011-11-24 19:23:00'),('3482fa93b4e836f9bf4d9bd59071e8be','YmY3MDVmMGMzYTNlZmU1ZGU0ZmE4ZWRhMmMzOTcyNTM0MzMwN2MyNDqAAn1xAVUKdGVzdGNvb2tp\nZXECVQZ3b3JrZWRxA3Mu\n','2011-12-14 10:05:28'),('35b4060db82b8762bcc83d75d63de0a2','YmY3MDVmMGMzYTNlZmU1ZGU0ZmE4ZWRhMmMzOTcyNTM0MzMwN2MyNDqAAn1xAVUKdGVzdGNvb2tp\nZXECVQZ3b3JrZWRxA3Mu\n','2011-11-26 09:23:12'),('369383d85a3186e101730c16af787996','YmY3MDVmMGMzYTNlZmU1ZGU0ZmE4ZWRhMmMzOTcyNTM0MzMwN2MyNDqAAn1xAVUKdGVzdGNvb2tp\nZXECVQZ3b3JrZWRxA3Mu\n','2011-11-26 12:13:34'),('37a1dede0ef0b02a58d66cb2ff6ff646','YmY3MDVmMGMzYTNlZmU1ZGU0ZmE4ZWRhMmMzOTcyNTM0MzMwN2MyNDqAAn1xAVUKdGVzdGNvb2tp\nZXECVQZ3b3JrZWRxA3Mu\n','2012-01-14 22:08:37'),('38d723cb2ef2f90c52cbc93159293833','YmY3MDVmMGMzYTNlZmU1ZGU0ZmE4ZWRhMmMzOTcyNTM0MzMwN2MyNDqAAn1xAVUKdGVzdGNvb2tp\nZXECVQZ3b3JrZWRxA3Mu\n','2011-10-31 12:09:45'),('432b08c2ebe73c4c1b676db27df8b67b','YmY3MDVmMGMzYTNlZmU1ZGU0ZmE4ZWRhMmMzOTcyNTM0MzMwN2MyNDqAAn1xAVUKdGVzdGNvb2tp\nZXECVQZ3b3JrZWRxA3Mu\n','2011-12-09 22:41:23'),('43527fa51c7154ddcfefcd866827d3eb','YmY3MDVmMGMzYTNlZmU1ZGU0ZmE4ZWRhMmMzOTcyNTM0MzMwN2MyNDqAAn1xAVUKdGVzdGNvb2tp\nZXECVQZ3b3JrZWRxA3Mu\n','2011-10-14 19:22:18'),('4f8b3385a52035894b87cbad0dfa99d7','YmY3MDVmMGMzYTNlZmU1ZGU0ZmE4ZWRhMmMzOTcyNTM0MzMwN2MyNDqAAn1xAVUKdGVzdGNvb2tp\nZXECVQZ3b3JrZWRxA3Mu\n','2011-11-02 16:41:50'),('527d35522fe5afe267229bd9a6c2d5bd','YTgwMTVjM2JlMjg2YjYxMzQxZGYyN2RiN2RlNjVkYjExYjcyMmEyMzqAAn1xAShVEl9hdXRoX3Vz\nZXJfYmFja2VuZHECVSlkamFuZ28uY29udHJpYi5hdXRoLmJhY2tlbmRzLk1vZGVsQmFja2VuZHED\nVQ1fYXV0aF91c2VyX2lkcQSKARJ1Lg==\n','2012-01-05 12:36:25'),('545919e9b6e906ca3564c09fbda38f82','YmY3MDVmMGMzYTNlZmU1ZGU0ZmE4ZWRhMmMzOTcyNTM0MzMwN2MyNDqAAn1xAVUKdGVzdGNvb2tp\nZXECVQZ3b3JrZWRxA3Mu\n','2011-12-15 20:26:54'),('5883fe340835ea0adac420eca87de031','YTgwMTVjM2JlMjg2YjYxMzQxZGYyN2RiN2RlNjVkYjExYjcyMmEyMzqAAn1xAShVEl9hdXRoX3Vz\nZXJfYmFja2VuZHECVSlkamFuZ28uY29udHJpYi5hdXRoLmJhY2tlbmRzLk1vZGVsQmFja2VuZHED\nVQ1fYXV0aF91c2VyX2lkcQSKARJ1Lg==\n','2011-11-09 13:17:08'),('5bccc23f97a52478d550ae12a2eff456','ZjJmMTFmNjk2ZmQxNzZlM2JkMWQ1OTU5ZTk3YmRkZjIwZWNmMTk1ZjqAAn1xAShVEl9hdXRoX3Vz\nZXJfYmFja2VuZHECVSlkamFuZ28uY29udHJpYi5hdXRoLmJhY2tlbmRzLk1vZGVsQmFja2VuZHED\nVQ1fYXV0aF91c2VyX2lkcQSKAQ91Lg==\n','2011-10-10 21:34:35'),('5ff88a35f4e7e9a6f97bc7c236b75817','YmY3MDVmMGMzYTNlZmU1ZGU0ZmE4ZWRhMmMzOTcyNTM0MzMwN2MyNDqAAn1xAVUKdGVzdGNvb2tp\nZXECVQZ3b3JrZWRxA3Mu\n','2012-01-14 22:08:38'),('62522d053465ecbc882b80ad5c096b23','YmY3MDVmMGMzYTNlZmU1ZGU0ZmE4ZWRhMmMzOTcyNTM0MzMwN2MyNDqAAn1xAVUKdGVzdGNvb2tp\nZXECVQZ3b3JrZWRxA3Mu\n','2012-01-07 13:24:16'),('669c34928d465d42bbb34c42fd7937d1','YTgwMTVjM2JlMjg2YjYxMzQxZGYyN2RiN2RlNjVkYjExYjcyMmEyMzqAAn1xAShVEl9hdXRoX3Vz\nZXJfYmFja2VuZHECVSlkamFuZ28uY29udHJpYi5hdXRoLmJhY2tlbmRzLk1vZGVsQmFja2VuZHED\nVQ1fYXV0aF91c2VyX2lkcQSKARJ1Lg==\n','2011-12-09 13:55:51'),('693cecfb16bd1ea5ebed2e091748e8d7','YmY3MDVmMGMzYTNlZmU1ZGU0ZmE4ZWRhMmMzOTcyNTM0MzMwN2MyNDqAAn1xAVUKdGVzdGNvb2tp\nZXECVQZ3b3JrZWRxA3Mu\n','2011-12-15 20:26:55'),('6d341b9b8779a7c53b6ce20aee5cea62','YmY3MDVmMGMzYTNlZmU1ZGU0ZmE4ZWRhMmMzOTcyNTM0MzMwN2MyNDqAAn1xAVUKdGVzdGNvb2tp\nZXECVQZ3b3JrZWRxA3Mu\n','2012-01-05 12:20:51'),('6ddfa4c3b5460ec9a7aec93cdf9eee87','YmY3MDVmMGMzYTNlZmU1ZGU0ZmE4ZWRhMmMzOTcyNTM0MzMwN2MyNDqAAn1xAVUKdGVzdGNvb2tp\nZXECVQZ3b3JrZWRxA3Mu\n','2011-11-04 16:55:05'),('6e684e1444f92411e22c206c83600d29','YmY3MDVmMGMzYTNlZmU1ZGU0ZmE4ZWRhMmMzOTcyNTM0MzMwN2MyNDqAAn1xAVUKdGVzdGNvb2tp\nZXECVQZ3b3JrZWRxA3Mu\n','2011-12-11 11:18:27'),('7031371334925b8788a53b0935b432d9','YmY3MDVmMGMzYTNlZmU1ZGU0ZmE4ZWRhMmMzOTcyNTM0MzMwN2MyNDqAAn1xAVUKdGVzdGNvb2tp\nZXECVQZ3b3JrZWRxA3Mu\n','2011-11-08 15:12:59'),('7092c42a2deebca69f440654a45b358a','YmY3MDVmMGMzYTNlZmU1ZGU0ZmE4ZWRhMmMzOTcyNTM0MzMwN2MyNDqAAn1xAVUKdGVzdGNvb2tp\nZXECVQZ3b3JrZWRxA3Mu\n','2011-12-11 11:18:26'),('71e537470167cc6485c32767494e6bf7','OGQzYjIxYTk1MzM5NWY1ODU0ZmI1MTg5NTBiODBkZTMyMTQ5OTM0MzqAAn1xAShVCnRlc3Rjb29r\naWVVBndvcmtlZHECVRJfYXV0aF91c2VyX2JhY2tlbmRVKWRqYW5nby5jb250cmliLmF1dGguYmFj\na2VuZHMuTW9kZWxCYWNrZW5kVQ1fYXV0aF91c2VyX2lkigEadS4=\n','2012-01-22 23:36:50'),('74e6373793c862f33f4fe27d38ec77c2','YmY3MDVmMGMzYTNlZmU1ZGU0ZmE4ZWRhMmMzOTcyNTM0MzMwN2MyNDqAAn1xAVUKdGVzdGNvb2tp\nZXECVQZ3b3JrZWRxA3Mu\n','2011-12-27 16:20:19'),('751597ef091f8b7551e88e75a294e184','YmY3MDVmMGMzYTNlZmU1ZGU0ZmE4ZWRhMmMzOTcyNTM0MzMwN2MyNDqAAn1xAVUKdGVzdGNvb2tp\nZXECVQZ3b3JrZWRxA3Mu\n','2012-01-18 21:43:14'),('7786ee7cdff831ecd6b99d5b6acd6293','YzU0NWZiYTllNWFmODA5MDQwMDVkZDcyODkxMjUwMTkyMWRjMWJlYTqAAn1xAShVCnRlc3Rjb29r\naWVxAlUGd29ya2VkcQNVEl9hdXRoX3VzZXJfYmFja2VuZHEEVSlkamFuZ28uY29udHJpYi5hdXRo\nLmJhY2tlbmRzLk1vZGVsQmFja2VuZHEFVQ1fYXV0aF91c2VyX2lkcQaKAQF1Lg==\n','2011-10-04 20:59:41'),('77c31b6b4d9c3cfa2c93451ab353c2b5','YmY3MDVmMGMzYTNlZmU1ZGU0ZmE4ZWRhMmMzOTcyNTM0MzMwN2MyNDqAAn1xAVUKdGVzdGNvb2tp\nZXECVQZ3b3JrZWRxA3Mu\n','2011-12-13 15:39:02'),('7a5680ae6e763516812cbc137902fda5','YmY3MDVmMGMzYTNlZmU1ZGU0ZmE4ZWRhMmMzOTcyNTM0MzMwN2MyNDqAAn1xAVUKdGVzdGNvb2tp\nZXECVQZ3b3JrZWRxA3Mu\n','2011-11-25 18:48:32'),('829b4089ff49b3e5eb9adcdf9555b21a','YmY3MDVmMGMzYTNlZmU1ZGU0ZmE4ZWRhMmMzOTcyNTM0MzMwN2MyNDqAAn1xAVUKdGVzdGNvb2tp\nZXECVQZ3b3JrZWRxA3Mu\n','2011-12-11 11:18:26'),('84846071358c802d9c657910080f50cf','YmY3MDVmMGMzYTNlZmU1ZGU0ZmE4ZWRhMmMzOTcyNTM0MzMwN2MyNDqAAn1xAVUKdGVzdGNvb2tp\nZXECVQZ3b3JrZWRxA3Mu\n','2011-11-26 09:22:55'),('84abadc975bd460775307e6e8a07f904','YmY3MDVmMGMzYTNlZmU1ZGU0ZmE4ZWRhMmMzOTcyNTM0MzMwN2MyNDqAAn1xAVUKdGVzdGNvb2tp\nZXECVQZ3b3JrZWRxA3Mu\n','2011-12-16 08:23:42'),('85bbbd2ffcc3f9c53cd6c8b20e2d31ec','YmY3MDVmMGMzYTNlZmU1ZGU0ZmE4ZWRhMmMzOTcyNTM0MzMwN2MyNDqAAn1xAVUKdGVzdGNvb2tp\nZXECVQZ3b3JrZWRxA3Mu\n','2011-12-18 18:47:29'),('8c41cd68b3bcded6dbf0068e068dd997','YmY3MDVmMGMzYTNlZmU1ZGU0ZmE4ZWRhMmMzOTcyNTM0MzMwN2MyNDqAAn1xAVUKdGVzdGNvb2tp\nZXECVQZ3b3JrZWRxA3Mu\n','2011-12-09 22:41:22'),('92f5515379e5b06b2a14ae1b09140d4f','Y2EwZTRmNjMxMTVhZTQ2MmM5MjhlMjc3ZjNjZDU3OGFkMTBiMDljZjqAAn1xAShVEl9hdXRoX3Vz\nZXJfYmFja2VuZFUpZGphbmdvLmNvbnRyaWIuYXV0aC5iYWNrZW5kcy5Nb2RlbEJhY2tlbmRxAlUN\nX2F1dGhfdXNlcl9pZIoBD3Uu\n','2011-10-11 19:23:16'),('940d3db032142b4e6b750a4d9012654d','YmY3MDVmMGMzYTNlZmU1ZGU0ZmE4ZWRhMmMzOTcyNTM0MzMwN2MyNDqAAn1xAVUKdGVzdGNvb2tp\nZXECVQZ3b3JrZWRxA3Mu\n','2011-12-18 18:47:30'),('94f17248b39aefaa95eba57c077677db','YmY3MDVmMGMzYTNlZmU1ZGU0ZmE4ZWRhMmMzOTcyNTM0MzMwN2MyNDqAAn1xAVUKdGVzdGNvb2tp\nZXECVQZ3b3JrZWRxA3Mu\n','2011-12-11 11:18:26'),('94f51e830553c9f55838513eff3465a1','OTdhMDY4Mzg4YzRhZTAxMzdlNTIzM2IwMzgyNTM1ZDUzZWE1MmIzODqAAn1xAShVCnRlc3Rjb29r\naWVVBndvcmtlZHECVQ1fYXV0aF91c2VyX2lkigEWVRJfYXV0aF91c2VyX2JhY2tlbmRVKWRqYW5n\nby5jb250cmliLmF1dGguYmFja2VuZHMuTW9kZWxCYWNrZW5kdS4=\n','2012-01-22 20:39:42'),('9dbb26bdff6b9155f227702f021534f6','YmY3MDVmMGMzYTNlZmU1ZGU0ZmE4ZWRhMmMzOTcyNTM0MzMwN2MyNDqAAn1xAVUKdGVzdGNvb2tp\nZXECVQZ3b3JrZWRxA3Mu\n','2012-01-08 17:51:37'),('9e6fa4b7a1218e12b643cff84c14a9da','YmY3MDVmMGMzYTNlZmU1ZGU0ZmE4ZWRhMmMzOTcyNTM0MzMwN2MyNDqAAn1xAVUKdGVzdGNvb2tp\nZXECVQZ3b3JrZWRxA3Mu\n','2011-12-14 10:05:30'),('a05e469b891cea2c07d70d812f357793','YmY3MDVmMGMzYTNlZmU1ZGU0ZmE4ZWRhMmMzOTcyNTM0MzMwN2MyNDqAAn1xAVUKdGVzdGNvb2tp\nZXECVQZ3b3JrZWRxA3Mu\n','2011-12-18 18:47:30'),('a1a90da1bd18ccf3af280d3d7ac565da','OWQwNWY3MTVjZDgwNmM1NjgzMTA0ZmU0ZTBhYjUxY2JmMTJjMGQ5MjqAAn1xAShVCnRlc3Rjb29r\naWVxAlUGd29ya2VkcQNVDV9hdXRoX3VzZXJfaWSKARVVEl9hdXRoX3VzZXJfYmFja2VuZFUpZGph\nbmdvLmNvbnRyaWIuYXV0aC5iYWNrZW5kcy5Nb2RlbEJhY2tlbmR1Lg==\n','2011-10-24 21:24:37'),('a46adbf51f49d1945a0dc3932f9bbe72','YmY3MDVmMGMzYTNlZmU1ZGU0ZmE4ZWRhMmMzOTcyNTM0MzMwN2MyNDqAAn1xAVUKdGVzdGNvb2tp\nZXECVQZ3b3JrZWRxA3Mu\n','2011-11-07 14:59:20'),('a7b6e9105a948b8ff27583b35ebeaf23','YmY3MDVmMGMzYTNlZmU1ZGU0ZmE4ZWRhMmMzOTcyNTM0MzMwN2MyNDqAAn1xAVUKdGVzdGNvb2tp\nZXECVQZ3b3JrZWRxA3Mu\n','2011-12-15 20:26:55'),('a853cda7a58ea2e9d91e61806d3ba36c','YmY3MDVmMGMzYTNlZmU1ZGU0ZmE4ZWRhMmMzOTcyNTM0MzMwN2MyNDqAAn1xAVUKdGVzdGNvb2tp\nZXECVQZ3b3JrZWRxA3Mu\n','2011-12-15 20:26:54'),('b3c9714f22a97d5eb2cef53e8eb12cc3','YmY3MDVmMGMzYTNlZmU1ZGU0ZmE4ZWRhMmMzOTcyNTM0MzMwN2MyNDqAAn1xAVUKdGVzdGNvb2tp\nZXECVQZ3b3JrZWRxA3Mu\n','2011-12-12 22:47:18'),('b4590de1fbf0877297cbb204a3efaec6','YmY3MDVmMGMzYTNlZmU1ZGU0ZmE4ZWRhMmMzOTcyNTM0MzMwN2MyNDqAAn1xAVUKdGVzdGNvb2tp\nZXECVQZ3b3JrZWRxA3Mu\n','2011-12-17 07:37:37'),('bb335faf240a93f291e0ef5c88fca471','M2NkODU2NmE4Yzk5YjBmNzM2ZmVkZTE5YmFiNWVmMjM3MjQzYzg4NzqAAn1xAShVEl9hdXRoX3Vz\nZXJfYmFja2VuZHECVSlkamFuZ28uY29udHJpYi5hdXRoLmJhY2tlbmRzLk1vZGVsQmFja2VuZHED\nVQ1fYXV0aF91c2VyX2lkcQSKAQF1Lg==\n','2011-11-15 21:31:06'),('c289c51b7f552e2b18bb98807bd85ada','YTgwMTVjM2JlMjg2YjYxMzQxZGYyN2RiN2RlNjVkYjExYjcyMmEyMzqAAn1xAShVEl9hdXRoX3Vz\nZXJfYmFja2VuZHECVSlkamFuZ28uY29udHJpYi5hdXRoLmJhY2tlbmRzLk1vZGVsQmFja2VuZHED\nVQ1fYXV0aF91c2VyX2lkcQSKARJ1Lg==\n','2011-11-15 20:50:50'),('c4ac99969522a540cb186f4df8a66a18','YmY3MDVmMGMzYTNlZmU1ZGU0ZmE4ZWRhMmMzOTcyNTM0MzMwN2MyNDqAAn1xAVUKdGVzdGNvb2tp\nZXECVQZ3b3JrZWRxA3Mu\n','2011-12-18 18:47:29'),('c70a3f4b6c6911f89908d2fdaf1eb9b4','M2NkODU2NmE4Yzk5YjBmNzM2ZmVkZTE5YmFiNWVmMjM3MjQzYzg4NzqAAn1xAShVEl9hdXRoX3Vz\nZXJfYmFja2VuZHECVSlkamFuZ28uY29udHJpYi5hdXRoLmJhY2tlbmRzLk1vZGVsQmFja2VuZHED\nVQ1fYXV0aF91c2VyX2lkcQSKAQF1Lg==\n','2011-11-29 10:54:52'),('d14beab2af337f24ebc1ae36ba92867f','M2NkODU2NmE4Yzk5YjBmNzM2ZmVkZTE5YmFiNWVmMjM3MjQzYzg4NzqAAn1xAShVEl9hdXRoX3Vz\nZXJfYmFja2VuZHECVSlkamFuZ28uY29udHJpYi5hdXRoLmJhY2tlbmRzLk1vZGVsQmFja2VuZHED\nVQ1fYXV0aF91c2VyX2lkcQSKAQF1Lg==\n','2012-01-20 20:32:37'),('d2ca40c3cefa562ecca3c3fb013bb3b4','YmY3MDVmMGMzYTNlZmU1ZGU0ZmE4ZWRhMmMzOTcyNTM0MzMwN2MyNDqAAn1xAVUKdGVzdGNvb2tp\nZXECVQZ3b3JrZWRxA3Mu\n','2011-11-29 20:56:30'),('d2ee680b90d4c6606a705bc17af52265','OWM4Mzk3OWYyZTlhZmQyMDM1Y2E0MDU2YTAyNjczMDhjNjRhMmM1NjqAAn1xAShVEl9hdXRoX3Vz\nZXJfYmFja2VuZHECVSlkamFuZ28uY29udHJpYi5hdXRoLmJhY2tlbmRzLk1vZGVsQmFja2VuZHED\nVQ1fYXV0aF91c2VyX2lkcQSKARB1Lg==\n','2011-10-21 09:08:02'),('d6286475f048f7180811258f383e98e3','YmY3MDVmMGMzYTNlZmU1ZGU0ZmE4ZWRhMmMzOTcyNTM0MzMwN2MyNDqAAn1xAVUKdGVzdGNvb2tp\nZXECVQZ3b3JrZWRxA3Mu\n','2011-12-15 20:26:54'),('da40e3d05e2cd23b67c8c830a34cdde6','YmY3MDVmMGMzYTNlZmU1ZGU0ZmE4ZWRhMmMzOTcyNTM0MzMwN2MyNDqAAn1xAVUKdGVzdGNvb2tp\nZXECVQZ3b3JrZWRxA3Mu\n','2011-12-10 17:15:35'),('dbf58f186fd5a6c8639225915b84d347','YmY3MDVmMGMzYTNlZmU1ZGU0ZmE4ZWRhMmMzOTcyNTM0MzMwN2MyNDqAAn1xAVUKdGVzdGNvb2tp\nZXECVQZ3b3JrZWRxA3Mu\n','2011-12-17 07:37:36'),('dfdc22f070d50a65a3f2b687cd51fddd','YmY3MDVmMGMzYTNlZmU1ZGU0ZmE4ZWRhMmMzOTcyNTM0MzMwN2MyNDqAAn1xAVUKdGVzdGNvb2tp\nZXECVQZ3b3JrZWRxA3Mu\n','2011-12-17 07:37:37'),('e9ccd356ea2082c8de6c67f483ee1875','YmY3MDVmMGMzYTNlZmU1ZGU0ZmE4ZWRhMmMzOTcyNTM0MzMwN2MyNDqAAn1xAVUKdGVzdGNvb2tp\nZXECVQZ3b3JrZWRxA3Mu\n','2011-11-14 03:57:47'),('ed084fd479e7220a7ff1238705af8465','M2NkODU2NmE4Yzk5YjBmNzM2ZmVkZTE5YmFiNWVmMjM3MjQzYzg4NzqAAn1xAShVEl9hdXRoX3Vz\nZXJfYmFja2VuZHECVSlkamFuZ28uY29udHJpYi5hdXRoLmJhY2tlbmRzLk1vZGVsQmFja2VuZHED\nVQ1fYXV0aF91c2VyX2lkcQSKAQF1Lg==\n','2011-11-22 20:12:48'),('ef42c04ff32ebb5ad640eadeaf58ca30','YmY3MDVmMGMzYTNlZmU1ZGU0ZmE4ZWRhMmMzOTcyNTM0MzMwN2MyNDqAAn1xAVUKdGVzdGNvb2tp\nZXECVQZ3b3JrZWRxA3Mu\n','2011-10-23 23:36:10'),('f33f966e2abb9c96f6534ae14c1445d5','OWMxZWNmNGViNGI4N2M0MzBlZjA2ZTBiNzljOTBiMDUwY2QwNDI5OTqAAn1xAShVCnRlc3Rjb29r\naWVVBndvcmtlZHECVRJfYXV0aF91c2VyX2JhY2tlbmRVKWRqYW5nby5jb250cmliLmF1dGguYmFj\na2VuZHMuTW9kZWxCYWNrZW5kVQ1fYXV0aF91c2VyX2lkigEBdS4=\n','2012-01-23 20:19:28'),('f36f5635565e92ba38a9fc452a90ffa6','NDQzOTBiZTIxZTgzZWVhNTBiMDJhYjUwYjYyNDRiYjM4YmVkYTI1MTqAAn1xAVUKdGVzdGNvb2tp\nZVUGd29ya2VkcQJzLg==\n','2011-11-16 13:33:17'),('f448774ce2341c3a2bc3d386d08f2129','OWM4Mzk3OWYyZTlhZmQyMDM1Y2E0MDU2YTAyNjczMDhjNjRhMmM1NjqAAn1xAShVEl9hdXRoX3Vz\nZXJfYmFja2VuZHECVSlkamFuZ28uY29udHJpYi5hdXRoLmJhY2tlbmRzLk1vZGVsQmFja2VuZHED\nVQ1fYXV0aF91c2VyX2lkcQSKARB1Lg==\n','2011-10-21 21:23:48'),('f64099bf1a729a6e70b671949fe41cf2','YmY3MDVmMGMzYTNlZmU1ZGU0ZmE4ZWRhMmMzOTcyNTM0MzMwN2MyNDqAAn1xAVUKdGVzdGNvb2tp\nZXECVQZ3b3JrZWRxA3Mu\n','2011-12-12 22:47:16'),('f7f9763caae3816278917fe07fa5662e','YmY3MDVmMGMzYTNlZmU1ZGU0ZmE4ZWRhMmMzOTcyNTM0MzMwN2MyNDqAAn1xAVUKdGVzdGNvb2tp\nZXECVQZ3b3JrZWRxA3Mu\n','2011-12-04 00:28:29'),('f8228138cb460c8d24b2d13b56312382','YmY3MDVmMGMzYTNlZmU1ZGU0ZmE4ZWRhMmMzOTcyNTM0MzMwN2MyNDqAAn1xAVUKdGVzdGNvb2tp\nZXECVQZ3b3JrZWRxA3Mu\n','2012-01-16 02:35:19'),('f8248d340db387a545f186bd95a78081','YmY3MDVmMGMzYTNlZmU1ZGU0ZmE4ZWRhMmMzOTcyNTM0MzMwN2MyNDqAAn1xAVUKdGVzdGNvb2tp\nZXECVQZ3b3JrZWRxA3Mu\n','2011-10-26 00:09:28'),('f905873cd1b944e0eaaf0ae0faba2da2','NDQzOTBiZTIxZTgzZWVhNTBiMDJhYjUwYjYyNDRiYjM4YmVkYTI1MTqAAn1xAVUKdGVzdGNvb2tp\nZVUGd29ya2VkcQJzLg==\n','2011-11-10 13:57:33'),('f9cf1e08d2ea6fe676d41bc7885df155','YmY3MDVmMGMzYTNlZmU1ZGU0ZmE4ZWRhMmMzOTcyNTM0MzMwN2MyNDqAAn1xAVUKdGVzdGNvb2tp\nZXECVQZ3b3JrZWRxA3Mu\n','2011-11-09 23:24:41'),('f9eb66b6c3bc9fd9d9b13225c2f1d30e','YmY3MDVmMGMzYTNlZmU1ZGU0ZmE4ZWRhMmMzOTcyNTM0MzMwN2MyNDqAAn1xAVUKdGVzdGNvb2tp\nZXECVQZ3b3JrZWRxA3Mu\n','2011-11-29 21:35:19'),('fa23d6bd590c49fafc23b743d5e3d1c2','YmY3MDVmMGMzYTNlZmU1ZGU0ZmE4ZWRhMmMzOTcyNTM0MzMwN2MyNDqAAn1xAVUKdGVzdGNvb2tp\nZXECVQZ3b3JrZWRxA3Mu\n','2011-12-09 22:41:22'),('fa357a4bb92a2513f6edfa6e9ac4fbd1','YmY3MDVmMGMzYTNlZmU1ZGU0ZmE4ZWRhMmMzOTcyNTM0MzMwN2MyNDqAAn1xAVUKdGVzdGNvb2tp\nZXECVQZ3b3JrZWRxA3Mu\n','2011-11-30 04:35:39'),('00b33d6904f56309936e1966837ecbbc','ODljMzQ3ZmY3ODU2ZWRkMjNhMjdiOGU4YjQ5ZmNjMWU0NDQyYTUxZjqAAn1xAShVEl9hdXRoX3Vz\nZXJfYmFja2VuZFUpZGphbmdvLmNvbnRyaWIuYXV0aC5iYWNrZW5kcy5Nb2RlbEJhY2tlbmRVDV9h\ndXRoX3VzZXJfaWSKAQFVD2RqYW5nb19sYW5ndWFnZVgHAAAARW5nbGlzaHECdS4=\n','2012-02-13 22:12:37'),('31c7d3b60b561b26c3da0953257b792b','ODljMzQ3ZmY3ODU2ZWRkMjNhMjdiOGU4YjQ5ZmNjMWU0NDQyYTUxZjqAAn1xAShVEl9hdXRoX3Vz\nZXJfYmFja2VuZFUpZGphbmdvLmNvbnRyaWIuYXV0aC5iYWNrZW5kcy5Nb2RlbEJhY2tlbmRVDV9h\ndXRoX3VzZXJfaWSKAQFVD2RqYW5nb19sYW5ndWFnZVgHAAAARW5nbGlzaHECdS4=\n','2012-02-13 19:48:22'),('b0a31cddcd3446ace960b9876d2e1f07','ODljMzQ3ZmY3ODU2ZWRkMjNhMjdiOGU4YjQ5ZmNjMWU0NDQyYTUxZjqAAn1xAShVEl9hdXRoX3Vz\nZXJfYmFja2VuZFUpZGphbmdvLmNvbnRyaWIuYXV0aC5iYWNrZW5kcy5Nb2RlbEJhY2tlbmRVDV9h\ndXRoX3VzZXJfaWSKAQFVD2RqYW5nb19sYW5ndWFnZVgHAAAARW5nbGlzaHECdS4=\n','2012-02-20 21:52:19'),('c1505576fbe3e37fa5632ccc44ab6889','ODljMzQ3ZmY3ODU2ZWRkMjNhMjdiOGU4YjQ5ZmNjMWU0NDQyYTUxZjqAAn1xAShVEl9hdXRoX3Vz\nZXJfYmFja2VuZFUpZGphbmdvLmNvbnRyaWIuYXV0aC5iYWNrZW5kcy5Nb2RlbEJhY2tlbmRVDV9h\ndXRoX3VzZXJfaWSKAQFVD2RqYW5nb19sYW5ndWFnZVgHAAAARW5nbGlzaHECdS4=\n','2012-03-03 22:36:30'),('09d0f76591ff9585dd02fad8444cf04d','ZmNiNjdhYTExMmYxMmUzNzMxYjk4NDJkNTM4OGY1YWE5YzU4NjI4MzqAAn1xAShVDV9hdXRoX3Vz\nZXJfaWSKARRVEl9hdXRoX3VzZXJfYmFja2VuZFUpZGphbmdvLmNvbnRyaWIuYXV0aC5iYWNrZW5k\ncy5Nb2RlbEJhY2tlbmRVD2RqYW5nb19sYW5ndWFnZVgHAAAARW5nbGlzaHECdS4=\n','2012-03-01 22:09:53'),('f2fa9b52f8850c9b7bee70820cafbb65','YmY3MDVmMGMzYTNlZmU1ZGU0ZmE4ZWRhMmMzOTcyNTM0MzMwN2MyNDqAAn1xAVUKdGVzdGNvb2tp\nZXECVQZ3b3JrZWRxA3Mu\n','2012-03-04 10:15:53'),('db735d3ad7971101ac09fbb5ef75471c','ZDM1OGQ0OWRiOTU5ZDQ1MTQ2NzI3ZTU2YzA4YmVhNTQwOWZjZTIxOTqAAn1xAShVDV9hdXRoX3Vz\nZXJfaWSKAQFVEl9hdXRoX3VzZXJfYmFja2VuZFUpZGphbmdvLmNvbnRyaWIuYXV0aC5iYWNrZW5k\ncy5Nb2RlbEJhY2tlbmRVD2RqYW5nb19sYW5ndWFnZVgHAAAARW5nbGlzaHECdS4=\n','2012-03-08 21:56:38'),('3c1602828b51bb4746818278d24774e8','NDQzOTBiZTIxZTgzZWVhNTBiMDJhYjUwYjYyNDRiYjM4YmVkYTI1MTqAAn1xAVUKdGVzdGNvb2tp\nZVUGd29ya2VkcQJzLg==\n','2012-03-05 14:26:42'),('1a0d9c61d8f23bd47097e874ce22888c','ODljMzQ3ZmY3ODU2ZWRkMjNhMjdiOGU4YjQ5ZmNjMWU0NDQyYTUxZjqAAn1xAShVEl9hdXRoX3Vz\nZXJfYmFja2VuZFUpZGphbmdvLmNvbnRyaWIuYXV0aC5iYWNrZW5kcy5Nb2RlbEJhY2tlbmRVDV9h\ndXRoX3VzZXJfaWSKAQFVD2RqYW5nb19sYW5ndWFnZVgHAAAARW5nbGlzaHECdS4=\n','2012-03-18 16:27:33'),('36a441595dad69ee620616ba01dc10be','OTU5MDU1YzgwNjUyNmFkYTExYmJiODU0NTM3YWQ3ZTcyNjIxM2M0MTqAAn1xAShVDV9hdXRoX3Vz\nZXJfaWSKAR1VEl9hdXRoX3VzZXJfYmFja2VuZFUpZGphbmdvLmNvbnRyaWIuYXV0aC5iYWNrZW5k\ncy5Nb2RlbEJhY2tlbmRVD2RqYW5nb19sYW5ndWFnZVgHAAAARW5nbGlzaHECdS4=\n','2012-03-21 23:19:44'),('3e6a00310bba2ed28e289fe825461c21','OTU5MDU1YzgwNjUyNmFkYTExYmJiODU0NTM3YWQ3ZTcyNjIxM2M0MTqAAn1xAShVDV9hdXRoX3Vz\nZXJfaWSKAR1VEl9hdXRoX3VzZXJfYmFja2VuZFUpZGphbmdvLmNvbnRyaWIuYXV0aC5iYWNrZW5k\ncy5Nb2RlbEJhY2tlbmRVD2RqYW5nb19sYW5ndWFnZVgHAAAARW5nbGlzaHECdS4=\n','2012-03-20 10:41:46'),('c93ec3b93f6b1f84d605784d39f99aeb','NjdhODZhMzE2ZWUyMmM0OTUyZTBjOTI5MjU2YTAyMzY3OGFmOTQzOTqAAn1xAShVEl9hdXRoX3Vz\nZXJfYmFja2VuZFUpZGphbmdvLmNvbnRyaWIuYXV0aC5iYWNrZW5kcy5Nb2RlbEJhY2tlbmRVDV9h\ndXRoX3VzZXJfaWSKARJVD2RqYW5nb19sYW5ndWFnZVgHAAAARW5nbGlzaHECdS4=\n','2012-03-08 23:13:03'),('08e9933e70ef393db58fded8d430a0d1','MmI4YzBiM2EyNmY2ODY1ZmU0ZjFhMTA3NDA3NWQyYzVkYjQwZTg1MjqAAn1xAShVEl9hdXRoX3Vz\nZXJfYmFja2VuZFUpZGphbmdvLmNvbnRyaWIuYXV0aC5iYWNrZW5kcy5Nb2RlbEJhY2tlbmRVDV9h\ndXRoX3VzZXJfaWSKARVVD2RqYW5nb19sYW5ndWFnZVgHAAAARW5nbGlzaHECdS4=\n','2012-03-06 22:08:35'),('f5140ed626568267c156af0e22cc9ac2','ZDM1OGQ0OWRiOTU5ZDQ1MTQ2NzI3ZTU2YzA4YmVhNTQwOWZjZTIxOTqAAn1xAShVDV9hdXRoX3Vz\nZXJfaWSKAQFVEl9hdXRoX3VzZXJfYmFja2VuZFUpZGphbmdvLmNvbnRyaWIuYXV0aC5iYWNrZW5k\ncy5Nb2RlbEJhY2tlbmRVD2RqYW5nb19sYW5ndWFnZVgHAAAARW5nbGlzaHECdS4=\n','2012-03-08 23:17:18'),('2a42a7d090d045cfd2cc976fdec1b796','MGExZjQ4NmYyMzQ4Yzg1N2JhMTE4MjU1YTU2Zjc5MDM5NWZmYTg4NzqAAn1xAShVDV9hdXRoX3Vz\nZXJfaWSKARxVEl9hdXRoX3VzZXJfYmFja2VuZFUpZGphbmdvLmNvbnRyaWIuYXV0aC5iYWNrZW5k\ncy5Nb2RlbEJhY2tlbmRVD2RqYW5nb19sYW5ndWFnZVgHAAAARW5nbGlzaHECdS4=\n','2012-03-06 23:36:34'),('ccfdcd179d18c1671118b80050c7a860','NDkzOTY5MTkwMjBhMWE1MTUxNjBjNzAxZmQxMmRmYjQyMTY0OGY0MTqAAn1xAShVEl9hdXRoX3Vz\nZXJfYmFja2VuZFUpZGphbmdvLmNvbnRyaWIuYXV0aC5iYWNrZW5kcy5Nb2RlbEJhY2tlbmRVDV9h\ndXRoX3VzZXJfaWSKARxVD2RqYW5nb19sYW5ndWFnZVgHAAAARW5nbGlzaHECdS4=\n','2012-03-04 21:56:01'),('ca8b0b1e68f6001735f68b741fc51d53','Mzc2ODllYWRmMjI1MDljMzEwNWFiZGJjMWUzYTg2YmUwZjQxZmNhMzqAAn1xAShVEl9hdXRoX3Vz\nZXJfYmFja2VuZFUpZGphbmdvLmNvbnRyaWIuYXV0aC5iYWNrZW5kcy5Nb2RlbEJhY2tlbmRVDV9h\ndXRoX3VzZXJfaWSKARZVD2RqYW5nb19sYW5ndWFnZVgHAAAARW5nbGlzaHECdS4=\n','2012-03-29 20:38:32'),('6f0489ba189a3959d6b1bf06a3244932','ZWEyNTNjMDdlNDE0YzA2MzJlZDY2YTU4NDYzNDkyZTFhMTllMmMzMDqAAn1xAShVDV9hdXRoX3Vz\nZXJfaWSKARtVEl9hdXRoX3VzZXJfYmFja2VuZFUpZGphbmdvLmNvbnRyaWIuYXV0aC5iYWNrZW5k\ncy5Nb2RlbEJhY2tlbmRVD2RqYW5nb19sYW5ndWFnZVgHAAAARW5nbGlzaHECdS4=\n','2012-03-07 11:04:51'),('a439407d657889e0cf42e18439dd17fb','YmY3MDVmMGMzYTNlZmU1ZGU0ZmE4ZWRhMmMzOTcyNTM0MzMwN2MyNDqAAn1xAVUKdGVzdGNvb2tp\nZXECVQZ3b3JrZWRxA3Mu\n','2012-03-05 16:52:31'),('c11458835d94432caecda0c52e5d99b5','YmY3MDVmMGMzYTNlZmU1ZGU0ZmE4ZWRhMmMzOTcyNTM0MzMwN2MyNDqAAn1xAVUKdGVzdGNvb2tp\nZXECVQZ3b3JrZWRxA3Mu\n','2012-03-05 16:56:14'),('1c4bd63deee480f051b32136932c4901','YmY3MDVmMGMzYTNlZmU1ZGU0ZmE4ZWRhMmMzOTcyNTM0MzMwN2MyNDqAAn1xAVUKdGVzdGNvb2tp\nZXECVQZ3b3JrZWRxA3Mu\n','2012-03-05 16:56:16'),('9952e3a499a1d760bb069e2fc88ca305','YmY3MDVmMGMzYTNlZmU1ZGU0ZmE4ZWRhMmMzOTcyNTM0MzMwN2MyNDqAAn1xAVUKdGVzdGNvb2tp\nZXECVQZ3b3JrZWRxA3Mu\n','2012-03-05 16:56:17'),('ba39de6da46361c23f6f9b22849bb02c','YmY3MDVmMGMzYTNlZmU1ZGU0ZmE4ZWRhMmMzOTcyNTM0MzMwN2MyNDqAAn1xAVUKdGVzdGNvb2tp\nZXECVQZ3b3JrZWRxA3Mu\n','2012-03-05 16:56:18'),('c4f18d0c7ab7bcf25335aacd2093fe3c','YmY3MDVmMGMzYTNlZmU1ZGU0ZmE4ZWRhMmMzOTcyNTM0MzMwN2MyNDqAAn1xAVUKdGVzdGNvb2tp\nZXECVQZ3b3JrZWRxA3Mu\n','2012-03-05 16:57:53'),('c46aca5ded51d1421fb9fda3fd496f79','YmY3MDVmMGMzYTNlZmU1ZGU0ZmE4ZWRhMmMzOTcyNTM0MzMwN2MyNDqAAn1xAVUKdGVzdGNvb2tp\nZXECVQZ3b3JrZWRxA3Mu\n','2012-03-05 16:57:54'),('c7ca0795e0f75bef8f1840b63c11a71f','YmY3MDVmMGMzYTNlZmU1ZGU0ZmE4ZWRhMmMzOTcyNTM0MzMwN2MyNDqAAn1xAVUKdGVzdGNvb2tp\nZXECVQZ3b3JrZWRxA3Mu\n','2012-03-05 16:57:55'),('07005c62af956298a8a48467cd71d877','YmY3MDVmMGMzYTNlZmU1ZGU0ZmE4ZWRhMmMzOTcyNTM0MzMwN2MyNDqAAn1xAVUKdGVzdGNvb2tp\nZXECVQZ3b3JrZWRxA3Mu\n','2012-03-05 16:57:56'),('95c1baf2f9623d7d3223b3b32cb98614','YmY3MDVmMGMzYTNlZmU1ZGU0ZmE4ZWRhMmMzOTcyNTM0MzMwN2MyNDqAAn1xAVUKdGVzdGNvb2tp\nZXECVQZ3b3JrZWRxA3Mu\n','2012-03-05 16:57:57'),('1a06042c65a4b80949dceb28ba951481','YmY3MDVmMGMzYTNlZmU1ZGU0ZmE4ZWRhMmMzOTcyNTM0MzMwN2MyNDqAAn1xAVUKdGVzdGNvb2tp\nZXECVQZ3b3JrZWRxA3Mu\n','2012-03-05 16:57:58'),('8aa3f7e860b8583971d998315afa634c','YmY3MDVmMGMzYTNlZmU1ZGU0ZmE4ZWRhMmMzOTcyNTM0MzMwN2MyNDqAAn1xAVUKdGVzdGNvb2tp\nZXECVQZ3b3JrZWRxA3Mu\n','2012-03-05 16:57:59'),('9f6444897887507d69baec07ad456664','YmY3MDVmMGMzYTNlZmU1ZGU0ZmE4ZWRhMmMzOTcyNTM0MzMwN2MyNDqAAn1xAVUKdGVzdGNvb2tp\nZXECVQZ3b3JrZWRxA3Mu\n','2012-03-05 16:57:59'),('7a864ca03d3cf62de0eb48e8917959a5','YmY3MDVmMGMzYTNlZmU1ZGU0ZmE4ZWRhMmMzOTcyNTM0MzMwN2MyNDqAAn1xAVUKdGVzdGNvb2tp\nZXECVQZ3b3JrZWRxA3Mu\n','2012-03-05 16:58:00'),('36c7abf63a1002fc844064f29cc56b98','YmY3MDVmMGMzYTNlZmU1ZGU0ZmE4ZWRhMmMzOTcyNTM0MzMwN2MyNDqAAn1xAVUKdGVzdGNvb2tp\nZXECVQZ3b3JrZWRxA3Mu\n','2012-03-05 16:58:01'),('1136963a28d763bcafa3e68363e4da6e','YmY3MDVmMGMzYTNlZmU1ZGU0ZmE4ZWRhMmMzOTcyNTM0MzMwN2MyNDqAAn1xAVUKdGVzdGNvb2tp\nZXECVQZ3b3JrZWRxA3Mu\n','2012-03-05 16:58:02'),('3bb47abbd08876490ba68c5f1ecb0bb1','YmY3MDVmMGMzYTNlZmU1ZGU0ZmE4ZWRhMmMzOTcyNTM0MzMwN2MyNDqAAn1xAVUKdGVzdGNvb2tp\nZXECVQZ3b3JrZWRxA3Mu\n','2012-03-05 16:58:03'),('9fd6e9274f813aa1547137753bd23368','YmY3MDVmMGMzYTNlZmU1ZGU0ZmE4ZWRhMmMzOTcyNTM0MzMwN2MyNDqAAn1xAVUKdGVzdGNvb2tp\nZXECVQZ3b3JrZWRxA3Mu\n','2012-03-05 16:58:04'),('3e452895e77dc165fb84c1067ac27428','YmY3MDVmMGMzYTNlZmU1ZGU0ZmE4ZWRhMmMzOTcyNTM0MzMwN2MyNDqAAn1xAVUKdGVzdGNvb2tp\nZXECVQZ3b3JrZWRxA3Mu\n','2012-03-05 16:58:24'),('7e475b765c32439171f3205b6db73c6f','YmY3MDVmMGMzYTNlZmU1ZGU0ZmE4ZWRhMmMzOTcyNTM0MzMwN2MyNDqAAn1xAVUKdGVzdGNvb2tp\nZXECVQZ3b3JrZWRxA3Mu\n','2012-03-05 16:58:25'),('2db1c9788323696315484d8deba889e7','YmY3MDVmMGMzYTNlZmU1ZGU0ZmE4ZWRhMmMzOTcyNTM0MzMwN2MyNDqAAn1xAVUKdGVzdGNvb2tp\nZXECVQZ3b3JrZWRxA3Mu\n','2012-03-05 16:58:25'),('ef67abb5aa5ad6d62110f528815703cc','YmY3MDVmMGMzYTNlZmU1ZGU0ZmE4ZWRhMmMzOTcyNTM0MzMwN2MyNDqAAn1xAVUKdGVzdGNvb2tp\nZXECVQZ3b3JrZWRxA3Mu\n','2012-03-05 16:58:26'),('1a3319d9afa512365923379756774199','YmY3MDVmMGMzYTNlZmU1ZGU0ZmE4ZWRhMmMzOTcyNTM0MzMwN2MyNDqAAn1xAVUKdGVzdGNvb2tp\nZXECVQZ3b3JrZWRxA3Mu\n','2012-03-05 16:58:26'),('1c8a474cc087f9d0c2727ccbc82f840c','YmY3MDVmMGMzYTNlZmU1ZGU0ZmE4ZWRhMmMzOTcyNTM0MzMwN2MyNDqAAn1xAVUKdGVzdGNvb2tp\nZXECVQZ3b3JrZWRxA3Mu\n','2012-03-05 16:58:27'),('7b97f5af8e3d838505fdeac18665a9d1','YmY3MDVmMGMzYTNlZmU1ZGU0ZmE4ZWRhMmMzOTcyNTM0MzMwN2MyNDqAAn1xAVUKdGVzdGNvb2tp\nZXECVQZ3b3JrZWRxA3Mu\n','2012-03-05 16:58:28'),('bc7029d506d537684366897fce5252b8','YmY3MDVmMGMzYTNlZmU1ZGU0ZmE4ZWRhMmMzOTcyNTM0MzMwN2MyNDqAAn1xAVUKdGVzdGNvb2tp\nZXECVQZ3b3JrZWRxA3Mu\n','2012-03-05 16:58:28'),('c78c432d6afdb9cb7e5d99a5fcaa2eda','YmY3MDVmMGMzYTNlZmU1ZGU0ZmE4ZWRhMmMzOTcyNTM0MzMwN2MyNDqAAn1xAVUKdGVzdGNvb2tp\nZXECVQZ3b3JrZWRxA3Mu\n','2012-03-05 16:58:29'),('9621435f502dfff80ebb64535cc1aba8','YmY3MDVmMGMzYTNlZmU1ZGU0ZmE4ZWRhMmMzOTcyNTM0MzMwN2MyNDqAAn1xAVUKdGVzdGNvb2tp\nZXECVQZ3b3JrZWRxA3Mu\n','2012-03-05 16:58:30'),('d0f2e6f5cfd2ed8682fd200f64b8ed65','YmY3MDVmMGMzYTNlZmU1ZGU0ZmE4ZWRhMmMzOTcyNTM0MzMwN2MyNDqAAn1xAVUKdGVzdGNvb2tp\nZXECVQZ3b3JrZWRxA3Mu\n','2012-03-05 16:58:30'),('68ae1f864d067b557bc2e6846d51ae3e','YmY3MDVmMGMzYTNlZmU1ZGU0ZmE4ZWRhMmMzOTcyNTM0MzMwN2MyNDqAAn1xAVUKdGVzdGNvb2tp\nZXECVQZ3b3JrZWRxA3Mu\n','2012-03-05 16:58:31'),('2ccb8f2dbb40f7de72a5979a26dcc967','YmY3MDVmMGMzYTNlZmU1ZGU0ZmE4ZWRhMmMzOTcyNTM0MzMwN2MyNDqAAn1xAVUKdGVzdGNvb2tp\nZXECVQZ3b3JrZWRxA3Mu\n','2012-03-05 16:58:32'),('70a05ce530353fd3b9087f5bf86af58f','NDQzOTBiZTIxZTgzZWVhNTBiMDJhYjUwYjYyNDRiYjM4YmVkYTI1MTqAAn1xAVUKdGVzdGNvb2tp\nZVUGd29ya2VkcQJzLg==\n','2012-03-05 19:22:41'),('2b8b0649dc0425a8528399abde762cce','YmY3MDVmMGMzYTNlZmU1ZGU0ZmE4ZWRhMmMzOTcyNTM0MzMwN2MyNDqAAn1xAVUKdGVzdGNvb2tp\nZXECVQZ3b3JrZWRxA3Mu\n','2012-03-06 13:55:59'),('5a18c38c66c59b0602e1019857a73ccc','ZDM1OGQ0OWRiOTU5ZDQ1MTQ2NzI3ZTU2YzA4YmVhNTQwOWZjZTIxOTqAAn1xAShVDV9hdXRoX3Vz\nZXJfaWSKAQFVEl9hdXRoX3VzZXJfYmFja2VuZFUpZGphbmdvLmNvbnRyaWIuYXV0aC5iYWNrZW5k\ncy5Nb2RlbEJhY2tlbmRVD2RqYW5nb19sYW5ndWFnZVgHAAAARW5nbGlzaHECdS4=\n','2012-03-08 13:33:23'),('73e46d80e4047f180080247e41040fe1','NTBiOWI3NjI4Y2QxNWI5NmQ4MjMxMjUzM2FhNTRjZmI5YzM1YmY4ZTqAAn1xAShVEl9hdXRoX3Vz\nZXJfYmFja2VuZFUpZGphbmdvLmNvbnRyaWIuYXV0aC5iYWNrZW5kcy5Nb2RlbEJhY2tlbmRVDV9h\ndXRoX3VzZXJfaWSKARRVD2RqYW5nb19sYW5ndWFnZVgHAAAARW5nbGlzaHECdS4=\n','2012-03-15 15:41:53'),('5f63dd87582ac71f165cfda5cb0f2251','ZjYwMmEzY2MxZmYyZDEyYTlhNDYxMmNmNmY0YmZiZjJmOWZjNzBkMDqAAn1xAShVDV9hdXRoX3Vz\nZXJfaWSKARpVEl9hdXRoX3VzZXJfYmFja2VuZFUpZGphbmdvLmNvbnRyaWIuYXV0aC5iYWNrZW5k\ncy5Nb2RlbEJhY2tlbmRVD2RqYW5nb19sYW5ndWFnZVgHAAAARW5nbGlzaHECdS4=\n','2012-03-19 12:16:28'),('f42cc6a5d9735786212baace02eb7832','MWY5M2RhNGMyM2IyYjJiNmRkNGU1ZmE4NDY3YjVkYzRlMWY5YmI1YTqAAn1xAShVDV9hdXRoX3Vz\nZXJfaWSKAR5VEl9hdXRoX3VzZXJfYmFja2VuZFUpZGphbmdvLmNvbnRyaWIuYXV0aC5iYWNrZW5k\ncy5Nb2RlbEJhY2tlbmRVD2RqYW5nb19sYW5ndWFnZVgHAAAARW5nbGlzaHECdS4=\n','2012-03-06 10:55:27'),('c335fe54cdf3305c6c2088091aea9075','YmY3MDVmMGMzYTNlZmU1ZGU0ZmE4ZWRhMmMzOTcyNTM0MzMwN2MyNDqAAn1xAVUKdGVzdGNvb2tp\nZXECVQZ3b3JrZWRxA3Mu\n','2012-03-07 07:13:30'),('a63d9b8d7ba2f586f72011e8ff54a450','NDkzOTY5MTkwMjBhMWE1MTUxNjBjNzAxZmQxMmRmYjQyMTY0OGY0MTqAAn1xAShVEl9hdXRoX3Vz\nZXJfYmFja2VuZFUpZGphbmdvLmNvbnRyaWIuYXV0aC5iYWNrZW5kcy5Nb2RlbEJhY2tlbmRVDV9h\ndXRoX3VzZXJfaWSKARxVD2RqYW5nb19sYW5ndWFnZVgHAAAARW5nbGlzaHECdS4=\n','2012-04-03 10:26:15'),('0ff22279d96c638f1e7b856d0b3fd913','NTBiOWI3NjI4Y2QxNWI5NmQ4MjMxMjUzM2FhNTRjZmI5YzM1YmY4ZTqAAn1xAShVEl9hdXRoX3Vz\nZXJfYmFja2VuZFUpZGphbmdvLmNvbnRyaWIuYXV0aC5iYWNrZW5kcy5Nb2RlbEJhY2tlbmRVDV9h\ndXRoX3VzZXJfaWSKARRVD2RqYW5nb19sYW5ndWFnZVgHAAAARW5nbGlzaHECdS4=\n','2012-03-15 15:41:17'),('4cb67a4f9046a2fbc17c13aca40004ed','ZmNiNjdhYTExMmYxMmUzNzMxYjk4NDJkNTM4OGY1YWE5YzU4NjI4MzqAAn1xAShVDV9hdXRoX3Vz\nZXJfaWSKARRVEl9hdXRoX3VzZXJfYmFja2VuZFUpZGphbmdvLmNvbnRyaWIuYXV0aC5iYWNrZW5k\ncy5Nb2RlbEJhY2tlbmRVD2RqYW5nb19sYW5ndWFnZVgHAAAARW5nbGlzaHECdS4=\n','2012-03-07 20:56:10'),('3c261c4dab684f50a09eacf1458fcbfc','MWY5M2RhNGMyM2IyYjJiNmRkNGU1ZmE4NDY3YjVkYzRlMWY5YmI1YTqAAn1xAShVDV9hdXRoX3Vz\nZXJfaWSKAR5VEl9hdXRoX3VzZXJfYmFja2VuZFUpZGphbmdvLmNvbnRyaWIuYXV0aC5iYWNrZW5k\ncy5Nb2RlbEJhY2tlbmRVD2RqYW5nb19sYW5ndWFnZVgHAAAARW5nbGlzaHECdS4=\n','2012-03-06 21:01:24'),('85a05dd0dd8bad1677c3de15035791cc','MGU0MTFlNWZmMTljMGU2MzQzMDg1NzE1YTBiYzUyOGM2NWUyNGJhNTqAAn1xAShVEl9hdXRoX3Vz\nZXJfYmFja2VuZFUpZGphbmdvLmNvbnRyaWIuYXV0aC5iYWNrZW5kcy5Nb2RlbEJhY2tlbmRVDV9h\ndXRoX3VzZXJfaWSKAR5VD2RqYW5nb19sYW5ndWFnZVgHAAAARW5nbGlzaHECdS4=\n','2012-03-06 20:09:30'),('d6f3d6f3bf169618ac70cfc355534adf','Mzg1ZjgwNTdkOTNlOTRjZDgzNTFmYmM5NDdhN2NjN2VkOGVmYzU0OTqAAn1xAShVDV9hdXRoX3Vz\nZXJfaWSKARJVEl9hdXRoX3VzZXJfYmFja2VuZFUpZGphbmdvLmNvbnRyaWIuYXV0aC5iYWNrZW5k\ncy5Nb2RlbEJhY2tlbmRVD2RqYW5nb19sYW5ndWFnZVgHAAAARW5nbGlzaHECdS4=\n','2012-03-13 16:06:06'),('0aeb153dea5ea1e9f48be666713e4330','YmY3MDVmMGMzYTNlZmU1ZGU0ZmE4ZWRhMmMzOTcyNTM0MzMwN2MyNDqAAn1xAVUKdGVzdGNvb2tp\nZXECVQZ3b3JrZWRxA3Mu\n','2012-03-07 12:22:52'),('690ae5a08e9cc7e59eb8ccb5a1d6a6c1','Zjg5ZDdlYjhiZDQ5MjViNmRmNjdkMjY0MTM1YjQyNWQxNTdmYTBiYjqAAn1xAShVDV9hdXRoX3Vz\nZXJfaWSKARVVEl9hdXRoX3VzZXJfYmFja2VuZFUpZGphbmdvLmNvbnRyaWIuYXV0aC5iYWNrZW5k\ncy5Nb2RlbEJhY2tlbmRVD2RqYW5nb19sYW5ndWFnZVgHAAAARW5nbGlzaHECdS4=\n','2012-03-07 12:25:36'),('01abd9bbce4734cbb6cc6a0240841405','ZDM1OGQ0OWRiOTU5ZDQ1MTQ2NzI3ZTU2YzA4YmVhNTQwOWZjZTIxOTqAAn1xAShVDV9hdXRoX3Vz\nZXJfaWSKAQFVEl9hdXRoX3VzZXJfYmFja2VuZFUpZGphbmdvLmNvbnRyaWIuYXV0aC5iYWNrZW5k\ncy5Nb2RlbEJhY2tlbmRVD2RqYW5nb19sYW5ndWFnZVgHAAAARW5nbGlzaHECdS4=\n','2012-03-08 12:39:15'),('a32aacd7297b337ff9aaad73bec40919','YzdjNGM1MTA3MWJmZTc3NGIwNGM1MmFlNmZiODMzODk1NTVkODA5OTqAAn1xAShVDV9hdXRoX3Vz\nZXJfaWSKARZVEl9hdXRoX3VzZXJfYmFja2VuZFUpZGphbmdvLmNvbnRyaWIuYXV0aC5iYWNrZW5k\ncy5Nb2RlbEJhY2tlbmRVD2RqYW5nb19sYW5ndWFnZVgHAAAARW5nbGlzaHECdS4=\n','2012-03-08 12:48:07'),('fdf7bc385701913cc17764d46d8e6f0e','ZmNiNjdhYTExMmYxMmUzNzMxYjk4NDJkNTM4OGY1YWE5YzU4NjI4MzqAAn1xAShVDV9hdXRoX3Vz\nZXJfaWSKARRVEl9hdXRoX3VzZXJfYmFja2VuZFUpZGphbmdvLmNvbnRyaWIuYXV0aC5iYWNrZW5k\ncy5Nb2RlbEJhY2tlbmRVD2RqYW5nb19sYW5ndWFnZVgHAAAARW5nbGlzaHECdS4=\n','2012-03-08 21:57:56'),('6d8906e2fd51c9d96f9e85c3abc48a58','ZDM1OGQ0OWRiOTU5ZDQ1MTQ2NzI3ZTU2YzA4YmVhNTQwOWZjZTIxOTqAAn1xAShVDV9hdXRoX3Vz\nZXJfaWSKAQFVEl9hdXRoX3VzZXJfYmFja2VuZFUpZGphbmdvLmNvbnRyaWIuYXV0aC5iYWNrZW5k\ncy5Nb2RlbEJhY2tlbmRVD2RqYW5nb19sYW5ndWFnZVgHAAAARW5nbGlzaHECdS4=\n','2012-03-09 22:38:03'),('9acb05985a81d3f0363a6c78c841de4e','ODljMzQ3ZmY3ODU2ZWRkMjNhMjdiOGU4YjQ5ZmNjMWU0NDQyYTUxZjqAAn1xAShVEl9hdXRoX3Vz\nZXJfYmFja2VuZFUpZGphbmdvLmNvbnRyaWIuYXV0aC5iYWNrZW5kcy5Nb2RlbEJhY2tlbmRVDV9h\ndXRoX3VzZXJfaWSKAQFVD2RqYW5nb19sYW5ndWFnZVgHAAAARW5nbGlzaHECdS4=\n','2012-03-12 23:19:20'),('07db3ad3550b5215b9c2a06fb0f0d83a','YmY3MDVmMGMzYTNlZmU1ZGU0ZmE4ZWRhMmMzOTcyNTM0MzMwN2MyNDqAAn1xAVUKdGVzdGNvb2tp\nZXECVQZ3b3JrZWRxA3Mu\n','2012-03-13 05:42:52'),('5a8b60e5bed1e5291231e96d3345324a','YmY3MDVmMGMzYTNlZmU1ZGU0ZmE4ZWRhMmMzOTcyNTM0MzMwN2MyNDqAAn1xAVUKdGVzdGNvb2tp\nZXECVQZ3b3JrZWRxA3Mu\n','2012-03-27 09:23:54'),('9a06fbb4b393bc68692918a8f00cc126','YmY3MDVmMGMzYTNlZmU1ZGU0ZmE4ZWRhMmMzOTcyNTM0MzMwN2MyNDqAAn1xAVUKdGVzdGNvb2tp\nZXECVQZ3b3JrZWRxA3Mu\n','2012-03-22 23:14:24'),('90b60f552077c12588e132e59f28423f','YmY3MDVmMGMzYTNlZmU1ZGU0ZmE4ZWRhMmMzOTcyNTM0MzMwN2MyNDqAAn1xAVUKdGVzdGNvb2tp\nZXECVQZ3b3JrZWRxA3Mu\n','2012-03-13 14:17:58'),('46310e527589e328b7a43ada7414a800','ZjYwMmEzY2MxZmYyZDEyYTlhNDYxMmNmNmY0YmZiZjJmOWZjNzBkMDqAAn1xAShVDV9hdXRoX3Vz\nZXJfaWSKARpVEl9hdXRoX3VzZXJfYmFja2VuZFUpZGphbmdvLmNvbnRyaWIuYXV0aC5iYWNrZW5k\ncy5Nb2RlbEJhY2tlbmRVD2RqYW5nb19sYW5ndWFnZVgHAAAARW5nbGlzaHECdS4=\n','2012-03-24 15:07:19'),('72e14b036549b289283536be4761245c','ZDM1OGQ0OWRiOTU5ZDQ1MTQ2NzI3ZTU2YzA4YmVhNTQwOWZjZTIxOTqAAn1xAShVDV9hdXRoX3Vz\nZXJfaWSKAQFVEl9hdXRoX3VzZXJfYmFja2VuZFUpZGphbmdvLmNvbnRyaWIuYXV0aC5iYWNrZW5k\ncy5Nb2RlbEJhY2tlbmRVD2RqYW5nb19sYW5ndWFnZVgHAAAARW5nbGlzaHECdS4=\n','2012-04-02 20:58:56'),('e7a85ed900d1f1174bb298cca7336cc7','YmY3MDVmMGMzYTNlZmU1ZGU0ZmE4ZWRhMmMzOTcyNTM0MzMwN2MyNDqAAn1xAVUKdGVzdGNvb2tp\nZXECVQZ3b3JrZWRxA3Mu\n','2012-03-22 03:14:26'),('2771a6d88700da285a8800fb21d4438f','YmY3MDVmMGMzYTNlZmU1ZGU0ZmE4ZWRhMmMzOTcyNTM0MzMwN2MyNDqAAn1xAVUKdGVzdGNvb2tp\nZXECVQZ3b3JrZWRxA3Mu\n','2012-03-13 17:35:00'),('dbd1f3db5959544d6fc9c4f9a8a1f7af','ZWEyNTNjMDdlNDE0YzA2MzJlZDY2YTU4NDYzNDkyZTFhMTllMmMzMDqAAn1xAShVDV9hdXRoX3Vz\nZXJfaWSKARtVEl9hdXRoX3VzZXJfYmFja2VuZFUpZGphbmdvLmNvbnRyaWIuYXV0aC5iYWNrZW5k\ncy5Nb2RlbEJhY2tlbmRVD2RqYW5nb19sYW5ndWFnZVgHAAAARW5nbGlzaHECdS4=\n','2012-03-14 12:26:21'),('fb9d0a64518fa8ad085dae693020d0fd','YmY3MDVmMGMzYTNlZmU1ZGU0ZmE4ZWRhMmMzOTcyNTM0MzMwN2MyNDqAAn1xAVUKdGVzdGNvb2tp\nZXECVQZ3b3JrZWRxA3Mu\n','2012-03-13 17:44:24'),('b94c8d866c1f6a03df72d79fd51b56c5','YmY3MDVmMGMzYTNlZmU1ZGU0ZmE4ZWRhMmMzOTcyNTM0MzMwN2MyNDqAAn1xAVUKdGVzdGNvb2tp\nZXECVQZ3b3JrZWRxA3Mu\n','2012-03-13 17:45:22'),('ad245bf313eefdc929b3e4e58e2cb46c','YmY3MDVmMGMzYTNlZmU1ZGU0ZmE4ZWRhMmMzOTcyNTM0MzMwN2MyNDqAAn1xAVUKdGVzdGNvb2tp\nZXECVQZ3b3JrZWRxA3Mu\n','2012-03-13 17:46:16'),('8ed243ba8d00eecb68e3862ea74923e9','YmY3MDVmMGMzYTNlZmU1ZGU0ZmE4ZWRhMmMzOTcyNTM0MzMwN2MyNDqAAn1xAVUKdGVzdGNvb2tp\nZXECVQZ3b3JrZWRxA3Mu\n','2012-03-13 17:47:13'),('e852b0159d316826da1371e8bc480322','YmY3MDVmMGMzYTNlZmU1ZGU0ZmE4ZWRhMmMzOTcyNTM0MzMwN2MyNDqAAn1xAVUKdGVzdGNvb2tp\nZXECVQZ3b3JrZWRxA3Mu\n','2012-03-13 17:49:04'),('3aa33ec96c0be15cab8c34835785bbab','YmY3MDVmMGMzYTNlZmU1ZGU0ZmE4ZWRhMmMzOTcyNTM0MzMwN2MyNDqAAn1xAVUKdGVzdGNvb2tp\nZXECVQZ3b3JrZWRxA3Mu\n','2012-03-13 18:04:22'),('1841780aed28d39f2c26069c43782986','YmY3MDVmMGMzYTNlZmU1ZGU0ZmE4ZWRhMmMzOTcyNTM0MzMwN2MyNDqAAn1xAVUKdGVzdGNvb2tp\nZXECVQZ3b3JrZWRxA3Mu\n','2012-03-13 18:04:32'),('d1a550c1809c5b8e9d72c78916c10b94','YmY3MDVmMGMzYTNlZmU1ZGU0ZmE4ZWRhMmMzOTcyNTM0MzMwN2MyNDqAAn1xAVUKdGVzdGNvb2tp\nZXECVQZ3b3JrZWRxA3Mu\n','2012-03-13 18:04:42'),('8dc2f0cfd69d85fcf0b3bc12b192ef0d','YmY3MDVmMGMzYTNlZmU1ZGU0ZmE4ZWRhMmMzOTcyNTM0MzMwN2MyNDqAAn1xAVUKdGVzdGNvb2tp\nZXECVQZ3b3JrZWRxA3Mu\n','2012-03-13 18:04:53'),('f056041aeae6bab5aa60baf94d42a70a','YmY3MDVmMGMzYTNlZmU1ZGU0ZmE4ZWRhMmMzOTcyNTM0MzMwN2MyNDqAAn1xAVUKdGVzdGNvb2tp\nZXECVQZ3b3JrZWRxA3Mu\n','2012-03-13 18:05:04'),('25b46c6ca090bb73bc1b94d9a2c9a047','YmY3MDVmMGMzYTNlZmU1ZGU0ZmE4ZWRhMmMzOTcyNTM0MzMwN2MyNDqAAn1xAVUKdGVzdGNvb2tp\nZXECVQZ3b3JrZWRxA3Mu\n','2012-03-13 18:05:15'),('a3802392c57d11aa8f84fc06ad10d956','YmY3MDVmMGMzYTNlZmU1ZGU0ZmE4ZWRhMmMzOTcyNTM0MzMwN2MyNDqAAn1xAVUKdGVzdGNvb2tp\nZXECVQZ3b3JrZWRxA3Mu\n','2012-03-13 18:05:25'),('b015c0b61ade89cd3df32c482e580763','YmY3MDVmMGMzYTNlZmU1ZGU0ZmE4ZWRhMmMzOTcyNTM0MzMwN2MyNDqAAn1xAVUKdGVzdGNvb2tp\nZXECVQZ3b3JrZWRxA3Mu\n','2012-03-13 18:05:36'),('366e8f1572207449f5cf7c8d68de6862','YmY3MDVmMGMzYTNlZmU1ZGU0ZmE4ZWRhMmMzOTcyNTM0MzMwN2MyNDqAAn1xAVUKdGVzdGNvb2tp\nZXECVQZ3b3JrZWRxA3Mu\n','2012-03-13 18:05:47'),('b9351f5ea535d7496865ed71ea7ae6d3','YmY3MDVmMGMzYTNlZmU1ZGU0ZmE4ZWRhMmMzOTcyNTM0MzMwN2MyNDqAAn1xAVUKdGVzdGNvb2tp\nZXECVQZ3b3JrZWRxA3Mu\n','2012-03-13 18:05:58'),('63d08d71399f08963b5bde36451bb520','YmY3MDVmMGMzYTNlZmU1ZGU0ZmE4ZWRhMmMzOTcyNTM0MzMwN2MyNDqAAn1xAVUKdGVzdGNvb2tp\nZXECVQZ3b3JrZWRxA3Mu\n','2012-03-13 18:06:09'),('e541ba90428844210daf3e36fd5bdf88','YmY3MDVmMGMzYTNlZmU1ZGU0ZmE4ZWRhMmMzOTcyNTM0MzMwN2MyNDqAAn1xAVUKdGVzdGNvb2tp\nZXECVQZ3b3JrZWRxA3Mu\n','2012-03-13 18:06:20'),('aaf7ea76d8c7ebe6467bbe01689b97fb','YmY3MDVmMGMzYTNlZmU1ZGU0ZmE4ZWRhMmMzOTcyNTM0MzMwN2MyNDqAAn1xAVUKdGVzdGNvb2tp\nZXECVQZ3b3JrZWRxA3Mu\n','2012-03-13 18:06:31'),('6794302d2c65aadd82c209d3b5748fb1','YmY3MDVmMGMzYTNlZmU1ZGU0ZmE4ZWRhMmMzOTcyNTM0MzMwN2MyNDqAAn1xAVUKdGVzdGNvb2tp\nZXECVQZ3b3JrZWRxA3Mu\n','2012-03-13 18:06:42'),('af9650e9a58bc62296ff0cf0e41a535f','YmY3MDVmMGMzYTNlZmU1ZGU0ZmE4ZWRhMmMzOTcyNTM0MzMwN2MyNDqAAn1xAVUKdGVzdGNvb2tp\nZXECVQZ3b3JrZWRxA3Mu\n','2012-03-13 18:06:53'),('c9cc66888457a9f7028b37189408556e','YmY3MDVmMGMzYTNlZmU1ZGU0ZmE4ZWRhMmMzOTcyNTM0MzMwN2MyNDqAAn1xAVUKdGVzdGNvb2tp\nZXECVQZ3b3JrZWRxA3Mu\n','2012-03-13 18:07:03'),('f3e42811758cf22235aafc1f6b6b06ff','YmY3MDVmMGMzYTNlZmU1ZGU0ZmE4ZWRhMmMzOTcyNTM0MzMwN2MyNDqAAn1xAVUKdGVzdGNvb2tp\nZXECVQZ3b3JrZWRxA3Mu\n','2012-03-13 18:07:14'),('3c7fe55459814b734b101b25d04804d4','YmY3MDVmMGMzYTNlZmU1ZGU0ZmE4ZWRhMmMzOTcyNTM0MzMwN2MyNDqAAn1xAVUKdGVzdGNvb2tp\nZXECVQZ3b3JrZWRxA3Mu\n','2012-03-13 18:07:25'),('073c0d2de12317d112d2205927bd64f6','YmY3MDVmMGMzYTNlZmU1ZGU0ZmE4ZWRhMmMzOTcyNTM0MzMwN2MyNDqAAn1xAVUKdGVzdGNvb2tp\nZXECVQZ3b3JrZWRxA3Mu\n','2012-03-13 18:07:36'),('b9004b03d24efeb9c893a8f2aceea48b','YmY3MDVmMGMzYTNlZmU1ZGU0ZmE4ZWRhMmMzOTcyNTM0MzMwN2MyNDqAAn1xAVUKdGVzdGNvb2tp\nZXECVQZ3b3JrZWRxA3Mu\n','2012-03-13 18:07:47'),('b501820ec23a9abf8930fa77e2b6fbc4','YmY3MDVmMGMzYTNlZmU1ZGU0ZmE4ZWRhMmMzOTcyNTM0MzMwN2MyNDqAAn1xAVUKdGVzdGNvb2tp\nZXECVQZ3b3JrZWRxA3Mu\n','2012-03-13 18:07:58'),('b61f5db2bceba2c89a820fd75cb59f3f','YmY3MDVmMGMzYTNlZmU1ZGU0ZmE4ZWRhMmMzOTcyNTM0MzMwN2MyNDqAAn1xAVUKdGVzdGNvb2tp\nZXECVQZ3b3JrZWRxA3Mu\n','2012-03-13 18:08:09'),('74701d60af8b21c57efbab9be2e89aa7','YmY3MDVmMGMzYTNlZmU1ZGU0ZmE4ZWRhMmMzOTcyNTM0MzMwN2MyNDqAAn1xAVUKdGVzdGNvb2tp\nZXECVQZ3b3JrZWRxA3Mu\n','2012-03-13 18:08:20'),('78987e7efde937afa13d0042f9aa40cb','YmY3MDVmMGMzYTNlZmU1ZGU0ZmE4ZWRhMmMzOTcyNTM0MzMwN2MyNDqAAn1xAVUKdGVzdGNvb2tp\nZXECVQZ3b3JrZWRxA3Mu\n','2012-03-13 18:08:30'),('0d5ab0997c92f9775a344dc9a214a1fc','YmY3MDVmMGMzYTNlZmU1ZGU0ZmE4ZWRhMmMzOTcyNTM0MzMwN2MyNDqAAn1xAVUKdGVzdGNvb2tp\nZXECVQZ3b3JrZWRxA3Mu\n','2012-03-13 18:08:42'),('70367fe3205edf65a0ef54ca0d5b5018','YmY3MDVmMGMzYTNlZmU1ZGU0ZmE4ZWRhMmMzOTcyNTM0MzMwN2MyNDqAAn1xAVUKdGVzdGNvb2tp\nZXECVQZ3b3JrZWRxA3Mu\n','2012-03-13 18:08:52'),('b7fa147200221d0621e8f9d3e97b37b1','YmY3MDVmMGMzYTNlZmU1ZGU0ZmE4ZWRhMmMzOTcyNTM0MzMwN2MyNDqAAn1xAVUKdGVzdGNvb2tp\nZXECVQZ3b3JrZWRxA3Mu\n','2012-03-13 18:09:14'),('d2e4be2b0b2b302e7460ed6d18f869e4','YmY3MDVmMGMzYTNlZmU1ZGU0ZmE4ZWRhMmMzOTcyNTM0MzMwN2MyNDqAAn1xAVUKdGVzdGNvb2tp\nZXECVQZ3b3JrZWRxA3Mu\n','2012-03-13 18:09:25'),('c7d882ed01b289bdadc665ede717bebf','YmY3MDVmMGMzYTNlZmU1ZGU0ZmE4ZWRhMmMzOTcyNTM0MzMwN2MyNDqAAn1xAVUKdGVzdGNvb2tp\nZXECVQZ3b3JrZWRxA3Mu\n','2012-03-13 18:09:35'),('798a98077a065667aabb045df7251b77','YmY3MDVmMGMzYTNlZmU1ZGU0ZmE4ZWRhMmMzOTcyNTM0MzMwN2MyNDqAAn1xAVUKdGVzdGNvb2tp\nZXECVQZ3b3JrZWRxA3Mu\n','2012-03-13 18:09:47'),('9e1b60bb24b6084b15b8e28f087bf2a0','YmY3MDVmMGMzYTNlZmU1ZGU0ZmE4ZWRhMmMzOTcyNTM0MzMwN2MyNDqAAn1xAVUKdGVzdGNvb2tp\nZXECVQZ3b3JrZWRxA3Mu\n','2012-03-13 18:09:58'),('aaf7c813b2585276395947a7ce5625a6','YmY3MDVmMGMzYTNlZmU1ZGU0ZmE4ZWRhMmMzOTcyNTM0MzMwN2MyNDqAAn1xAVUKdGVzdGNvb2tp\nZXECVQZ3b3JrZWRxA3Mu\n','2012-03-13 18:10:08'),('2d74a693f6c4e7cb24ebabb2e62e9459','YmY3MDVmMGMzYTNlZmU1ZGU0ZmE4ZWRhMmMzOTcyNTM0MzMwN2MyNDqAAn1xAVUKdGVzdGNvb2tp\nZXECVQZ3b3JrZWRxA3Mu\n','2012-03-13 18:10:19'),('a5fe4c8d572896f6c0d4f8de60302d2f','YmY3MDVmMGMzYTNlZmU1ZGU0ZmE4ZWRhMmMzOTcyNTM0MzMwN2MyNDqAAn1xAVUKdGVzdGNvb2tp\nZXECVQZ3b3JrZWRxA3Mu\n','2012-03-13 18:10:30'),('a0803f4f2994cf3fd219ad51977d33d8','YmY3MDVmMGMzYTNlZmU1ZGU0ZmE4ZWRhMmMzOTcyNTM0MzMwN2MyNDqAAn1xAVUKdGVzdGNvb2tp\nZXECVQZ3b3JrZWRxA3Mu\n','2012-03-13 18:10:42'),('b2a5c2d8ff1f87eb7fd0400a6542b60a','YmY3MDVmMGMzYTNlZmU1ZGU0ZmE4ZWRhMmMzOTcyNTM0MzMwN2MyNDqAAn1xAVUKdGVzdGNvb2tp\nZXECVQZ3b3JrZWRxA3Mu\n','2012-03-13 18:10:51'),('6b76318574a76ef543919fa73abf99d3','YmY3MDVmMGMzYTNlZmU1ZGU0ZmE4ZWRhMmMzOTcyNTM0MzMwN2MyNDqAAn1xAVUKdGVzdGNvb2tp\nZXECVQZ3b3JrZWRxA3Mu\n','2012-03-13 18:11:02'),('9802a554144df39239c0168a792a3305','YmY3MDVmMGMzYTNlZmU1ZGU0ZmE4ZWRhMmMzOTcyNTM0MzMwN2MyNDqAAn1xAVUKdGVzdGNvb2tp\nZXECVQZ3b3JrZWRxA3Mu\n','2012-03-13 18:11:27'),('a081dd313fa45da42308b6220a6b96dd','YmY3MDVmMGMzYTNlZmU1ZGU0ZmE4ZWRhMmMzOTcyNTM0MzMwN2MyNDqAAn1xAVUKdGVzdGNvb2tp\nZXECVQZ3b3JrZWRxA3Mu\n','2012-03-13 18:26:18'),('68828a4dcdfb41120dcae946a5e40550','YmY3MDVmMGMzYTNlZmU1ZGU0ZmE4ZWRhMmMzOTcyNTM0MzMwN2MyNDqAAn1xAVUKdGVzdGNvb2tp\nZXECVQZ3b3JrZWRxA3Mu\n','2012-03-13 18:27:51'),('b433542276e1aaa512929f319842c1e4','YmY3MDVmMGMzYTNlZmU1ZGU0ZmE4ZWRhMmMzOTcyNTM0MzMwN2MyNDqAAn1xAVUKdGVzdGNvb2tp\nZXECVQZ3b3JrZWRxA3Mu\n','2012-03-13 18:30:58'),('a64f36f580bdc2c18fbccbb456ea84d2','YmY3MDVmMGMzYTNlZmU1ZGU0ZmE4ZWRhMmMzOTcyNTM0MzMwN2MyNDqAAn1xAVUKdGVzdGNvb2tp\nZXECVQZ3b3JrZWRxA3Mu\n','2012-03-13 18:31:22'),('30f7590728da5b10ed0c59d410c147e1','YmY3MDVmMGMzYTNlZmU1ZGU0ZmE4ZWRhMmMzOTcyNTM0MzMwN2MyNDqAAn1xAVUKdGVzdGNvb2tp\nZXECVQZ3b3JrZWRxA3Mu\n','2012-03-13 18:32:09'),('55fb6dd70ea061455c6f1b6bab1d7167','YmY3MDVmMGMzYTNlZmU1ZGU0ZmE4ZWRhMmMzOTcyNTM0MzMwN2MyNDqAAn1xAVUKdGVzdGNvb2tp\nZXECVQZ3b3JrZWRxA3Mu\n','2012-03-13 18:43:02'),('db0c796123c015fc29a8b195880a7f33','YmY3MDVmMGMzYTNlZmU1ZGU0ZmE4ZWRhMmMzOTcyNTM0MzMwN2MyNDqAAn1xAVUKdGVzdGNvb2tp\nZXECVQZ3b3JrZWRxA3Mu\n','2012-03-13 18:43:28'),('778e705d0af79f04116706851e8d1d74','YmY3MDVmMGMzYTNlZmU1ZGU0ZmE4ZWRhMmMzOTcyNTM0MzMwN2MyNDqAAn1xAVUKdGVzdGNvb2tp\nZXECVQZ3b3JrZWRxA3Mu\n','2012-03-13 18:43:43'),('4830a324d148065bf7d3d3b941976d1f','YmY3MDVmMGMzYTNlZmU1ZGU0ZmE4ZWRhMmMzOTcyNTM0MzMwN2MyNDqAAn1xAVUKdGVzdGNvb2tp\nZXECVQZ3b3JrZWRxA3Mu\n','2012-03-13 18:44:03'),('6a6582252ccef4c8ffcdcda392bec0ac','YmY3MDVmMGMzYTNlZmU1ZGU0ZmE4ZWRhMmMzOTcyNTM0MzMwN2MyNDqAAn1xAVUKdGVzdGNvb2tp\nZXECVQZ3b3JrZWRxA3Mu\n','2012-03-13 18:44:23'),('76920ddc7a79f2587f9705b3686c5899','YmY3MDVmMGMzYTNlZmU1ZGU0ZmE4ZWRhMmMzOTcyNTM0MzMwN2MyNDqAAn1xAVUKdGVzdGNvb2tp\nZXECVQZ3b3JrZWRxA3Mu\n','2012-03-13 18:44:43'),('c8ca98c07b723ef018e49065c9ee6808','YmY3MDVmMGMzYTNlZmU1ZGU0ZmE4ZWRhMmMzOTcyNTM0MzMwN2MyNDqAAn1xAVUKdGVzdGNvb2tp\nZXECVQZ3b3JrZWRxA3Mu\n','2012-03-13 18:45:03'),('62a8415e14cd87595d8d7dc3eb1bf006','YmY3MDVmMGMzYTNlZmU1ZGU0ZmE4ZWRhMmMzOTcyNTM0MzMwN2MyNDqAAn1xAVUKdGVzdGNvb2tp\nZXECVQZ3b3JrZWRxA3Mu\n','2012-03-13 18:45:24'),('50b64bfca3db20c82189448ee98d2153','YmY3MDVmMGMzYTNlZmU1ZGU0ZmE4ZWRhMmMzOTcyNTM0MzMwN2MyNDqAAn1xAVUKdGVzdGNvb2tp\nZXECVQZ3b3JrZWRxA3Mu\n','2012-03-13 18:45:44'),('37cdb1629a3fe73b2ae606438ce1d83f','YmY3MDVmMGMzYTNlZmU1ZGU0ZmE4ZWRhMmMzOTcyNTM0MzMwN2MyNDqAAn1xAVUKdGVzdGNvb2tp\nZXECVQZ3b3JrZWRxA3Mu\n','2012-03-13 18:46:04'),('52e559742a5d4f12af44da396a268ab2','YmY3MDVmMGMzYTNlZmU1ZGU0ZmE4ZWRhMmMzOTcyNTM0MzMwN2MyNDqAAn1xAVUKdGVzdGNvb2tp\nZXECVQZ3b3JrZWRxA3Mu\n','2012-03-13 18:46:24'),('ff106f15a545437bd5b9bb89a76b019b','YmY3MDVmMGMzYTNlZmU1ZGU0ZmE4ZWRhMmMzOTcyNTM0MzMwN2MyNDqAAn1xAVUKdGVzdGNvb2tp\nZXECVQZ3b3JrZWRxA3Mu\n','2012-03-13 18:47:04'),('64ed7881cbff467c254147ea04648796','YmY3MDVmMGMzYTNlZmU1ZGU0ZmE4ZWRhMmMzOTcyNTM0MzMwN2MyNDqAAn1xAVUKdGVzdGNvb2tp\nZXECVQZ3b3JrZWRxA3Mu\n','2012-03-13 18:47:24'),('e6e0dd975930f01219c7aaf8812d45a4','YmY3MDVmMGMzYTNlZmU1ZGU0ZmE4ZWRhMmMzOTcyNTM0MzMwN2MyNDqAAn1xAVUKdGVzdGNvb2tp\nZXECVQZ3b3JrZWRxA3Mu\n','2012-03-13 18:47:45'),('8044bf9b17a829bf6c56d9d1ece09b9f','YmY3MDVmMGMzYTNlZmU1ZGU0ZmE4ZWRhMmMzOTcyNTM0MzMwN2MyNDqAAn1xAVUKdGVzdGNvb2tp\nZXECVQZ3b3JrZWRxA3Mu\n','2012-03-13 18:48:25'),('a14b66bee54186dd86243bd7a52c07cb','YmY3MDVmMGMzYTNlZmU1ZGU0ZmE4ZWRhMmMzOTcyNTM0MzMwN2MyNDqAAn1xAVUKdGVzdGNvb2tp\nZXECVQZ3b3JrZWRxA3Mu\n','2012-03-13 18:48:46'),('3445bb5b243f71f5934945118d7af756','YmY3MDVmMGMzYTNlZmU1ZGU0ZmE4ZWRhMmMzOTcyNTM0MzMwN2MyNDqAAn1xAVUKdGVzdGNvb2tp\nZXECVQZ3b3JrZWRxA3Mu\n','2012-03-13 18:49:05'),('5c9b99ae50ba6603a5e9efff1cac18b6','YmY3MDVmMGMzYTNlZmU1ZGU0ZmE4ZWRhMmMzOTcyNTM0MzMwN2MyNDqAAn1xAVUKdGVzdGNvb2tp\nZXECVQZ3b3JrZWRxA3Mu\n','2012-03-13 18:49:25'),('96af93fefb015fa39d607f47cc90a33a','YmY3MDVmMGMzYTNlZmU1ZGU0ZmE4ZWRhMmMzOTcyNTM0MzMwN2MyNDqAAn1xAVUKdGVzdGNvb2tp\nZXECVQZ3b3JrZWRxA3Mu\n','2012-03-13 18:50:06'),('b9e6328a7ca45b43487ee86d62be5a68','YmY3MDVmMGMzYTNlZmU1ZGU0ZmE4ZWRhMmMzOTcyNTM0MzMwN2MyNDqAAn1xAVUKdGVzdGNvb2tp\nZXECVQZ3b3JrZWRxA3Mu\n','2012-03-13 18:50:27'),('ae7c35de494b3972081cd2ae91385aad','YmY3MDVmMGMzYTNlZmU1ZGU0ZmE4ZWRhMmMzOTcyNTM0MzMwN2MyNDqAAn1xAVUKdGVzdGNvb2tp\nZXECVQZ3b3JrZWRxA3Mu\n','2012-03-13 18:50:48'),('013e9562b98f3d0ff7fda8186a8a9e58','YmY3MDVmMGMzYTNlZmU1ZGU0ZmE4ZWRhMmMzOTcyNTM0MzMwN2MyNDqAAn1xAVUKdGVzdGNvb2tp\nZXECVQZ3b3JrZWRxA3Mu\n','2012-03-13 18:51:05'),('f7df5a1941337bc806aef61ad03c63f0','YmY3MDVmMGMzYTNlZmU1ZGU0ZmE4ZWRhMmMzOTcyNTM0MzMwN2MyNDqAAn1xAVUKdGVzdGNvb2tp\nZXECVQZ3b3JrZWRxA3Mu\n','2012-03-13 18:51:26'),('332fcc47b8d7bd07760e6aba15c7ab20','YmY3MDVmMGMzYTNlZmU1ZGU0ZmE4ZWRhMmMzOTcyNTM0MzMwN2MyNDqAAn1xAVUKdGVzdGNvb2tp\nZXECVQZ3b3JrZWRxA3Mu\n','2012-03-13 18:51:47'),('d028f58bd99efb3dfc58232fb6dd00fe','YmY3MDVmMGMzYTNlZmU1ZGU0ZmE4ZWRhMmMzOTcyNTM0MzMwN2MyNDqAAn1xAVUKdGVzdGNvb2tp\nZXECVQZ3b3JrZWRxA3Mu\n','2012-03-13 18:52:09'),('cb9843d524184f726c0966e0b599a87d','YmY3MDVmMGMzYTNlZmU1ZGU0ZmE4ZWRhMmMzOTcyNTM0MzMwN2MyNDqAAn1xAVUKdGVzdGNvb2tp\nZXECVQZ3b3JrZWRxA3Mu\n','2012-03-13 18:52:32'),('5a7481ac35277611e19d3323a6768e02','NDQzOTBiZTIxZTgzZWVhNTBiMDJhYjUwYjYyNDRiYjM4YmVkYTI1MTqAAn1xAVUKdGVzdGNvb2tp\nZVUGd29ya2VkcQJzLg==\n','2012-03-14 16:08:06'),('be0603096478d6f8c54951301c1a7433','ZDM1OGQ0OWRiOTU5ZDQ1MTQ2NzI3ZTU2YzA4YmVhNTQwOWZjZTIxOTqAAn1xAShVDV9hdXRoX3Vz\nZXJfaWSKAQFVEl9hdXRoX3VzZXJfYmFja2VuZFUpZGphbmdvLmNvbnRyaWIuYXV0aC5iYWNrZW5k\ncy5Nb2RlbEJhY2tlbmRVD2RqYW5nb19sYW5ndWFnZVgHAAAARW5nbGlzaHECdS4=\n','2012-04-04 20:55:02'),('9cee0e6938438edf9d860616db1ef4cf','YmY3MDVmMGMzYTNlZmU1ZGU0ZmE4ZWRhMmMzOTcyNTM0MzMwN2MyNDqAAn1xAVUKdGVzdGNvb2tp\nZXECVQZ3b3JrZWRxA3Mu\n','2012-03-16 06:21:42'),('99d2120567bb0fd81181c6b4b0aabd09','MWY5M2RhNGMyM2IyYjJiNmRkNGU1ZmE4NDY3YjVkYzRlMWY5YmI1YTqAAn1xAShVDV9hdXRoX3Vz\nZXJfaWSKAR5VEl9hdXRoX3VzZXJfYmFja2VuZFUpZGphbmdvLmNvbnRyaWIuYXV0aC5iYWNrZW5k\ncy5Nb2RlbEJhY2tlbmRVD2RqYW5nb19sYW5ndWFnZVgHAAAARW5nbGlzaHECdS4=\n','2012-03-29 21:57:56'),('19fddf16d2b604e5b85a92efcdcc10ba','MWY5M2RhNGMyM2IyYjJiNmRkNGU1ZmE4NDY3YjVkYzRlMWY5YmI1YTqAAn1xAShVDV9hdXRoX3Vz\nZXJfaWSKAR5VEl9hdXRoX3VzZXJfYmFja2VuZFUpZGphbmdvLmNvbnRyaWIuYXV0aC5iYWNrZW5k\ncy5Nb2RlbEJhY2tlbmRVD2RqYW5nb19sYW5ndWFnZVgHAAAARW5nbGlzaHECdS4=\n','2012-03-17 15:38:42'),('f0101f75f942c5df75f6710c10613b92','YmY3MDVmMGMzYTNlZmU1ZGU0ZmE4ZWRhMmMzOTcyNTM0MzMwN2MyNDqAAn1xAVUKdGVzdGNvb2tp\nZXECVQZ3b3JrZWRxA3Mu\n','2012-03-23 10:11:53'),('24c490423d555b39212064771fa22e97','ODljMzQ3ZmY3ODU2ZWRkMjNhMjdiOGU4YjQ5ZmNjMWU0NDQyYTUxZjqAAn1xAShVEl9hdXRoX3Vz\nZXJfYmFja2VuZFUpZGphbmdvLmNvbnRyaWIuYXV0aC5iYWNrZW5kcy5Nb2RlbEJhY2tlbmRVDV9h\ndXRoX3VzZXJfaWSKAQFVD2RqYW5nb19sYW5ndWFnZVgHAAAARW5nbGlzaHECdS4=\n','2012-04-03 17:37:46'),('5238884a872542ff97a37f61c121bebc','YmY3MDVmMGMzYTNlZmU1ZGU0ZmE4ZWRhMmMzOTcyNTM0MzMwN2MyNDqAAn1xAVUKdGVzdGNvb2tp\nZXECVQZ3b3JrZWRxA3Mu\n','2012-03-29 21:18:30'),('c897ff41a3ebd94c549278247cb3b3e4','YmY3MDVmMGMzYTNlZmU1ZGU0ZmE4ZWRhMmMzOTcyNTM0MzMwN2MyNDqAAn1xAVUKdGVzdGNvb2tp\nZXECVQZ3b3JrZWRxA3Mu\n','2012-03-30 21:58:09'),('1093a6d61f4c669e90937229b23b853b','Mzg1ZjgwNTdkOTNlOTRjZDgzNTFmYmM5NDdhN2NjN2VkOGVmYzU0OTqAAn1xAShVDV9hdXRoX3Vz\nZXJfaWSKARJVEl9hdXRoX3VzZXJfYmFja2VuZFUpZGphbmdvLmNvbnRyaWIuYXV0aC5iYWNrZW5k\ncy5Nb2RlbEJhY2tlbmRVD2RqYW5nb19sYW5ndWFnZVgHAAAARW5nbGlzaHECdS4=\n','2012-03-30 14:21:44'),('6fd9b592ff82864cc48d2b248ab5b250','YmY3MDVmMGMzYTNlZmU1ZGU0ZmE4ZWRhMmMzOTcyNTM0MzMwN2MyNDqAAn1xAVUKdGVzdGNvb2tp\nZXECVQZ3b3JrZWRxA3Mu\n','2012-04-03 03:52:22'),('3d882a2aecb113cf3a873f5a895e19b2','YmY3MDVmMGMzYTNlZmU1ZGU0ZmE4ZWRhMmMzOTcyNTM0MzMwN2MyNDqAAn1xAVUKdGVzdGNvb2tp\nZXECVQZ3b3JrZWRxA3Mu\n','2012-04-03 20:56:42'),('c59bdb40b965bf3d77b77360fa8d7c2b','YmY3MDVmMGMzYTNlZmU1ZGU0ZmE4ZWRhMmMzOTcyNTM0MzMwN2MyNDqAAn1xAVUKdGVzdGNvb2tp\nZXECVQZ3b3JrZWRxA3Mu\n','2012-04-04 20:36:21'),('93706f96787d33c5f8c3505ecaedebc1','YmY3MDVmMGMzYTNlZmU1ZGU0ZmE4ZWRhMmMzOTcyNTM0MzMwN2MyNDqAAn1xAVUKdGVzdGNvb2tp\nZXECVQZ3b3JrZWRxA3Mu\n','2012-04-05 09:19:53'),('9f4f8ac0471b815794715de135c371b7','YmY3MDVmMGMzYTNlZmU1ZGU0ZmE4ZWRhMmMzOTcyNTM0MzMwN2MyNDqAAn1xAVUKdGVzdGNvb2tp\nZXECVQZ3b3JrZWRxA3Mu\n','2012-04-09 15:39:00'),('e186a2f6c480ea28dbb3408bb186d222','YmY3MDVmMGMzYTNlZmU1ZGU0ZmE4ZWRhMmMzOTcyNTM0MzMwN2MyNDqAAn1xAVUKdGVzdGNvb2tp\nZXECVQZ3b3JrZWRxA3Mu\n','2012-04-09 15:39:52'),('bb2dc8a4c9e1b74923563db9336281ee','YmY3MDVmMGMzYTNlZmU1ZGU0ZmE4ZWRhMmMzOTcyNTM0MzMwN2MyNDqAAn1xAVUKdGVzdGNvb2tp\nZXECVQZ3b3JrZWRxA3Mu\n','2012-04-09 15:40:45'),('a11f6dbe7a5b8c4d235df70bf141f55b','YmY3MDVmMGMzYTNlZmU1ZGU0ZmE4ZWRhMmMzOTcyNTM0MzMwN2MyNDqAAn1xAVUKdGVzdGNvb2tp\nZXECVQZ3b3JrZWRxA3Mu\n','2012-04-09 15:42:27'),('de92a0aacc263387f8ccd8d4046fa72d','YmY3MDVmMGMzYTNlZmU1ZGU0ZmE4ZWRhMmMzOTcyNTM0MzMwN2MyNDqAAn1xAVUKdGVzdGNvb2tp\nZXECVQZ3b3JrZWRxA3Mu\n','2012-04-09 15:43:18'),('20207dcfedeabfb63eb38d9efeb80da3','YmY3MDVmMGMzYTNlZmU1ZGU0ZmE4ZWRhMmMzOTcyNTM0MzMwN2MyNDqAAn1xAVUKdGVzdGNvb2tp\nZXECVQZ3b3JrZWRxA3Mu\n','2012-04-09 15:44:10'),('72bc0cf0f443c1a12258175831451bd4','YmY3MDVmMGMzYTNlZmU1ZGU0ZmE4ZWRhMmMzOTcyNTM0MzMwN2MyNDqAAn1xAVUKdGVzdGNvb2tp\nZXECVQZ3b3JrZWRxA3Mu\n','2012-04-09 15:45:03'),('0f70cb7da9c3c8b792e0d8b42260aeef','YmY3MDVmMGMzYTNlZmU1ZGU0ZmE4ZWRhMmMzOTcyNTM0MzMwN2MyNDqAAn1xAVUKdGVzdGNvb2tp\nZXECVQZ3b3JrZWRxA3Mu\n','2012-04-09 15:46:49'),('78cbdff94e613dd2bec36d8d2c4c22f8','NDQzOTBiZTIxZTgzZWVhNTBiMDJhYjUwYjYyNDRiYjM4YmVkYTI1MTqAAn1xAVUKdGVzdGNvb2tp\nZVUGd29ya2VkcQJzLg==\n','2012-04-19 13:10:35'),('60e3af958a38f619dae8791af169bd20','ZDJjMjk2ZTUxZDI4MmM3ZTJlMGRiYWIyMmEzMTFhMDVmMGI0NDA4NDqAAn1xAShVEl9hdXRoX3Vz\nZXJfYmFja2VuZFUpZGphbmdvLmNvbnRyaWIuYXV0aC5iYWNrZW5kcy5Nb2RlbEJhY2tlbmRVDV9h\ndXRoX3VzZXJfaWSKAR1VD2RqYW5nb19sYW5ndWFnZVgHAAAARW5nbGlzaHECdS4=\n','2012-04-10 12:59:49'),('183930f6cb5159fbd3797939beaf269e','YmY3MDVmMGMzYTNlZmU1ZGU0ZmE4ZWRhMmMzOTcyNTM0MzMwN2MyNDqAAn1xAVUKdGVzdGNvb2tp\nZXECVQZ3b3JrZWRxA3Mu\n','2012-04-11 00:59:31'),('2e5f4e60e908c9610fcabb4ddc879f0e','YmY3MDVmMGMzYTNlZmU1ZGU0ZmE4ZWRhMmMzOTcyNTM0MzMwN2MyNDqAAn1xAVUKdGVzdGNvb2tp\nZXECVQZ3b3JrZWRxA3Mu\n','2012-04-14 03:24:07'),('430fa4af2c5006d78bd21af1d0449e84','YmY3MDVmMGMzYTNlZmU1ZGU0ZmE4ZWRhMmMzOTcyNTM0MzMwN2MyNDqAAn1xAVUKdGVzdGNvb2tp\nZXECVQZ3b3JrZWRxA3Mu\n','2012-04-14 07:56:08'),('48a633881095247114b7df2889193533','YmY3MDVmMGMzYTNlZmU1ZGU0ZmE4ZWRhMmMzOTcyNTM0MzMwN2MyNDqAAn1xAVUKdGVzdGNvb2tp\nZXECVQZ3b3JrZWRxA3Mu\n','2012-04-14 11:57:22'),('9f8d919d874e46a7445513218e3b9667','YmY3MDVmMGMzYTNlZmU1ZGU0ZmE4ZWRhMmMzOTcyNTM0MzMwN2MyNDqAAn1xAVUKdGVzdGNvb2tp\nZXECVQZ3b3JrZWRxA3Mu\n','2012-04-15 15:24:16'),('b9fd942048e0c5d68a89b740aea066ad','YmY3MDVmMGMzYTNlZmU1ZGU0ZmE4ZWRhMmMzOTcyNTM0MzMwN2MyNDqAAn1xAVUKdGVzdGNvb2tp\nZXECVQZ3b3JrZWRxA3Mu\n','2012-04-16 15:57:35'),('ca8cbe65c0d06b3d6c39a38bb7f59abf','YmY3MDVmMGMzYTNlZmU1ZGU0ZmE4ZWRhMmMzOTcyNTM0MzMwN2MyNDqAAn1xAVUKdGVzdGNvb2tp\nZXECVQZ3b3JrZWRxA3Mu\n','2012-04-16 15:58:20'),('7dd8d86e1fff2e18e50744a4e3db7a52','YmY3MDVmMGMzYTNlZmU1ZGU0ZmE4ZWRhMmMzOTcyNTM0MzMwN2MyNDqAAn1xAVUKdGVzdGNvb2tp\nZXECVQZ3b3JrZWRxA3Mu\n','2012-04-16 16:07:04'),('b7a1e36cb976fcd413dd286ef155a3bd','YmY3MDVmMGMzYTNlZmU1ZGU0ZmE4ZWRhMmMzOTcyNTM0MzMwN2MyNDqAAn1xAVUKdGVzdGNvb2tp\nZXECVQZ3b3JrZWRxA3Mu\n','2012-04-16 16:07:07'),('0f75a7153b66ccac2c309571c05f8d52','YmY3MDVmMGMzYTNlZmU1ZGU0ZmE4ZWRhMmMzOTcyNTM0MzMwN2MyNDqAAn1xAVUKdGVzdGNvb2tp\nZXECVQZ3b3JrZWRxA3Mu\n','2012-04-16 16:07:10'),('8a4d6678362b0f1e0a98d0f94437a011','YmY3MDVmMGMzYTNlZmU1ZGU0ZmE4ZWRhMmMzOTcyNTM0MzMwN2MyNDqAAn1xAVUKdGVzdGNvb2tp\nZXECVQZ3b3JrZWRxA3Mu\n','2012-04-16 16:07:12'),('c229d06765207894fd8a4cbc76d5dbbf','YmY3MDVmMGMzYTNlZmU1ZGU0ZmE4ZWRhMmMzOTcyNTM0MzMwN2MyNDqAAn1xAVUKdGVzdGNvb2tp\nZXECVQZ3b3JrZWRxA3Mu\n','2012-04-16 16:07:15'),('d5bd93f7bc908b9f178cad4098bc5c42','YmY3MDVmMGMzYTNlZmU1ZGU0ZmE4ZWRhMmMzOTcyNTM0MzMwN2MyNDqAAn1xAVUKdGVzdGNvb2tp\nZXECVQZ3b3JrZWRxA3Mu\n','2012-04-16 16:07:17'),('8d6cb710a33f07687ab1359dcaa69cd9','YmY3MDVmMGMzYTNlZmU1ZGU0ZmE4ZWRhMmMzOTcyNTM0MzMwN2MyNDqAAn1xAVUKdGVzdGNvb2tp\nZXECVQZ3b3JrZWRxA3Mu\n','2012-04-16 16:07:20'),('3a9da973c8946a8cdbb0e63902458a73','YmY3MDVmMGMzYTNlZmU1ZGU0ZmE4ZWRhMmMzOTcyNTM0MzMwN2MyNDqAAn1xAVUKdGVzdGNvb2tp\nZXECVQZ3b3JrZWRxA3Mu\n','2012-04-16 16:07:22'),('c33db78da0ac725bb280e6fbede1f4bf','YmY3MDVmMGMzYTNlZmU1ZGU0ZmE4ZWRhMmMzOTcyNTM0MzMwN2MyNDqAAn1xAVUKdGVzdGNvb2tp\nZXECVQZ3b3JrZWRxA3Mu\n','2012-04-16 16:07:25'),('5381ae190589a1235b107a13aa77311f','YmY3MDVmMGMzYTNlZmU1ZGU0ZmE4ZWRhMmMzOTcyNTM0MzMwN2MyNDqAAn1xAVUKdGVzdGNvb2tp\nZXECVQZ3b3JrZWRxA3Mu\n','2012-04-16 16:07:27'),('1b11bab13e26b3f5622e578c81da84e1','YmY3MDVmMGMzYTNlZmU1ZGU0ZmE4ZWRhMmMzOTcyNTM0MzMwN2MyNDqAAn1xAVUKdGVzdGNvb2tp\nZXECVQZ3b3JrZWRxA3Mu\n','2012-04-16 16:07:31'),('6781d3f08d4ae8d69f0e1bc60cb75435','YmY3MDVmMGMzYTNlZmU1ZGU0ZmE4ZWRhMmMzOTcyNTM0MzMwN2MyNDqAAn1xAVUKdGVzdGNvb2tp\nZXECVQZ3b3JrZWRxA3Mu\n','2012-04-16 16:07:33'),('36c1c4ad91397bb3e046374e605a8f65','YmY3MDVmMGMzYTNlZmU1ZGU0ZmE4ZWRhMmMzOTcyNTM0MzMwN2MyNDqAAn1xAVUKdGVzdGNvb2tp\nZXECVQZ3b3JrZWRxA3Mu\n','2012-04-16 16:07:36'),('2d653d02acb4e1b2512e1e70861f9b50','YmY3MDVmMGMzYTNlZmU1ZGU0ZmE4ZWRhMmMzOTcyNTM0MzMwN2MyNDqAAn1xAVUKdGVzdGNvb2tp\nZXECVQZ3b3JrZWRxA3Mu\n','2012-04-16 16:07:39'),('d5c8b040be58a0de0332fd1654f0c573','YmY3MDVmMGMzYTNlZmU1ZGU0ZmE4ZWRhMmMzOTcyNTM0MzMwN2MyNDqAAn1xAVUKdGVzdGNvb2tp\nZXECVQZ3b3JrZWRxA3Mu\n','2012-04-16 16:07:41'),('fe5c69e3fbb30cafb913e9473e410f91','YmY3MDVmMGMzYTNlZmU1ZGU0ZmE4ZWRhMmMzOTcyNTM0MzMwN2MyNDqAAn1xAVUKdGVzdGNvb2tp\nZXECVQZ3b3JrZWRxA3Mu\n','2012-04-16 16:07:44'),('bec2aab6639cf709a8687480a6526be6','YmY3MDVmMGMzYTNlZmU1ZGU0ZmE4ZWRhMmMzOTcyNTM0MzMwN2MyNDqAAn1xAVUKdGVzdGNvb2tp\nZXECVQZ3b3JrZWRxA3Mu\n','2012-04-16 16:07:46'),('fbde93335ff7838d80f02334c9c74daf','YmY3MDVmMGMzYTNlZmU1ZGU0ZmE4ZWRhMmMzOTcyNTM0MzMwN2MyNDqAAn1xAVUKdGVzdGNvb2tp\nZXECVQZ3b3JrZWRxA3Mu\n','2012-04-18 22:48:53'),('9911e46baa988f0c4289b37c32eb21e7','ZDJjMjk2ZTUxZDI4MmM3ZTJlMGRiYWIyMmEzMTFhMDVmMGI0NDA4NDqAAn1xAShVEl9hdXRoX3Vz\nZXJfYmFja2VuZFUpZGphbmdvLmNvbnRyaWIuYXV0aC5iYWNrZW5kcy5Nb2RlbEJhY2tlbmRVDV9h\ndXRoX3VzZXJfaWSKAR1VD2RqYW5nb19sYW5ndWFnZVgHAAAARW5nbGlzaHECdS4=\n','2012-04-18 10:54:02'),('9436b5cddd7fe4a9064a1994bdb8ff5a','YmY3MDVmMGMzYTNlZmU1ZGU0ZmE4ZWRhMmMzOTcyNTM0MzMwN2MyNDqAAn1xAVUKdGVzdGNvb2tp\nZXECVQZ3b3JrZWRxA3Mu\n','2012-04-18 22:49:38'),('9908338684293bc3c85bd39e82fc5d6c','YmY3MDVmMGMzYTNlZmU1ZGU0ZmE4ZWRhMmMzOTcyNTM0MzMwN2MyNDqAAn1xAVUKdGVzdGNvb2tp\nZXECVQZ3b3JrZWRxA3Mu\n','2012-04-18 22:58:21'),('296affcb1e5077ec56fac8a012bbfd46','YmY3MDVmMGMzYTNlZmU1ZGU0ZmE4ZWRhMmMzOTcyNTM0MzMwN2MyNDqAAn1xAVUKdGVzdGNvb2tp\nZXECVQZ3b3JrZWRxA3Mu\n','2012-04-18 22:58:25'),('4965d5d7995525cee4342f389d20f9b8','YmY3MDVmMGMzYTNlZmU1ZGU0ZmE4ZWRhMmMzOTcyNTM0MzMwN2MyNDqAAn1xAVUKdGVzdGNvb2tp\nZXECVQZ3b3JrZWRxA3Mu\n','2012-04-18 22:58:27'),('f3732d483fd94fb5772bb80728dc52db','YmY3MDVmMGMzYTNlZmU1ZGU0ZmE4ZWRhMmMzOTcyNTM0MzMwN2MyNDqAAn1xAVUKdGVzdGNvb2tp\nZXECVQZ3b3JrZWRxA3Mu\n','2012-04-18 22:58:30'),('7707345242908e632a3de7fa75b5a928','YmY3MDVmMGMzYTNlZmU1ZGU0ZmE4ZWRhMmMzOTcyNTM0MzMwN2MyNDqAAn1xAVUKdGVzdGNvb2tp\nZXECVQZ3b3JrZWRxA3Mu\n','2012-04-18 22:58:32'),('edd3013a4ca4733d374ee693c017eded','YmY3MDVmMGMzYTNlZmU1ZGU0ZmE4ZWRhMmMzOTcyNTM0MzMwN2MyNDqAAn1xAVUKdGVzdGNvb2tp\nZXECVQZ3b3JrZWRxA3Mu\n','2012-04-18 22:58:35'),('7d76ced4543d16e6dc21edc94e65ecf3','YmY3MDVmMGMzYTNlZmU1ZGU0ZmE4ZWRhMmMzOTcyNTM0MzMwN2MyNDqAAn1xAVUKdGVzdGNvb2tp\nZXECVQZ3b3JrZWRxA3Mu\n','2012-04-18 22:58:37'),('18bd7f6c5aadbf491ced3561e6c6968e','YmY3MDVmMGMzYTNlZmU1ZGU0ZmE4ZWRhMmMzOTcyNTM0MzMwN2MyNDqAAn1xAVUKdGVzdGNvb2tp\nZXECVQZ3b3JrZWRxA3Mu\n','2012-04-18 22:58:40'),('2a9c46c3a6f8130415f61042b0030688','YmY3MDVmMGMzYTNlZmU1ZGU0ZmE4ZWRhMmMzOTcyNTM0MzMwN2MyNDqAAn1xAVUKdGVzdGNvb2tp\nZXECVQZ3b3JrZWRxA3Mu\n','2012-04-18 22:58:42'),('7f2faaad560e87a65ca7b5128a672bdd','YmY3MDVmMGMzYTNlZmU1ZGU0ZmE4ZWRhMmMzOTcyNTM0MzMwN2MyNDqAAn1xAVUKdGVzdGNvb2tp\nZXECVQZ3b3JrZWRxA3Mu\n','2012-04-18 22:58:45'),('c69c1ac6ed2c734621381ea6ae610272','YmY3MDVmMGMzYTNlZmU1ZGU0ZmE4ZWRhMmMzOTcyNTM0MzMwN2MyNDqAAn1xAVUKdGVzdGNvb2tp\nZXECVQZ3b3JrZWRxA3Mu\n','2012-04-18 22:58:49'),('f1fb62308b5a0fa3bdaf0aa352370a6c','YmY3MDVmMGMzYTNlZmU1ZGU0ZmE4ZWRhMmMzOTcyNTM0MzMwN2MyNDqAAn1xAVUKdGVzdGNvb2tp\nZXECVQZ3b3JrZWRxA3Mu\n','2012-04-18 22:58:51'),('b2a3d537bb5442d05a493993e0c7b7f1','YmY3MDVmMGMzYTNlZmU1ZGU0ZmE4ZWRhMmMzOTcyNTM0MzMwN2MyNDqAAn1xAVUKdGVzdGNvb2tp\nZXECVQZ3b3JrZWRxA3Mu\n','2012-04-18 22:58:54'),('64ee161359d402b262df1a029b615fae','YmY3MDVmMGMzYTNlZmU1ZGU0ZmE4ZWRhMmMzOTcyNTM0MzMwN2MyNDqAAn1xAVUKdGVzdGNvb2tp\nZXECVQZ3b3JrZWRxA3Mu\n','2012-04-18 22:58:56'),('d9e3c35e6e3ac62debddfad9a14e7fee','YmY3MDVmMGMzYTNlZmU1ZGU0ZmE4ZWRhMmMzOTcyNTM0MzMwN2MyNDqAAn1xAVUKdGVzdGNvb2tp\nZXECVQZ3b3JrZWRxA3Mu\n','2012-04-18 22:58:59'),('402e26054f347f01381541106d55264d','YmY3MDVmMGMzYTNlZmU1ZGU0ZmE4ZWRhMmMzOTcyNTM0MzMwN2MyNDqAAn1xAVUKdGVzdGNvb2tp\nZXECVQZ3b3JrZWRxA3Mu\n','2012-04-18 22:59:01'),('c8fc55ad86999cae91d844d3bb119bd7','YmY3MDVmMGMzYTNlZmU1ZGU0ZmE4ZWRhMmMzOTcyNTM0MzMwN2MyNDqAAn1xAVUKdGVzdGNvb2tp\nZXECVQZ3b3JrZWRxA3Mu\n','2012-04-18 22:59:04'),('51576fe5f5d73fa6af7abfb73b79193a','YmY3MDVmMGMzYTNlZmU1ZGU0ZmE4ZWRhMmMzOTcyNTM0MzMwN2MyNDqAAn1xAVUKdGVzdGNvb2tp\nZXECVQZ3b3JrZWRxA3Mu\n','2012-04-18 22:59:06'),('9d6397de528c4c593590dc59c7357a3e','YmY3MDVmMGMzYTNlZmU1ZGU0ZmE4ZWRhMmMzOTcyNTM0MzMwN2MyNDqAAn1xAVUKdGVzdGNvb2tp\nZXECVQZ3b3JrZWRxA3Mu\n','2012-04-18 22:59:09'),('a6fca034c2d8a3e67e4a3b1e3378c232','YmY3MDVmMGMzYTNlZmU1ZGU0ZmE4ZWRhMmMzOTcyNTM0MzMwN2MyNDqAAn1xAVUKdGVzdGNvb2tp\nZXECVQZ3b3JrZWRxA3Mu\n','2012-04-18 22:59:11'),('58632a18864eb6b14ebd063bf7f93cb7','YmY3MDVmMGMzYTNlZmU1ZGU0ZmE4ZWRhMmMzOTcyNTM0MzMwN2MyNDqAAn1xAVUKdGVzdGNvb2tp\nZXECVQZ3b3JrZWRxA3Mu\n','2012-04-18 22:59:14'),('814f2f10d4ba3885dcfb438242437508','YmY3MDVmMGMzYTNlZmU1ZGU0ZmE4ZWRhMmMzOTcyNTM0MzMwN2MyNDqAAn1xAVUKdGVzdGNvb2tp\nZXECVQZ3b3JrZWRxA3Mu\n','2012-04-18 22:59:16'),('26319af553cdb9a616fa9365fd1a87be','YmY3MDVmMGMzYTNlZmU1ZGU0ZmE4ZWRhMmMzOTcyNTM0MzMwN2MyNDqAAn1xAVUKdGVzdGNvb2tp\nZXECVQZ3b3JrZWRxA3Mu\n','2012-04-18 22:59:20'),('57de4a26a8310a9a0ec610aa88106721','YmY3MDVmMGMzYTNlZmU1ZGU0ZmE4ZWRhMmMzOTcyNTM0MzMwN2MyNDqAAn1xAVUKdGVzdGNvb2tp\nZXECVQZ3b3JrZWRxA3Mu\n','2012-04-18 22:59:22'),('37a21a15394da10b1bfbc89aa3e76f93','YmY3MDVmMGMzYTNlZmU1ZGU0ZmE4ZWRhMmMzOTcyNTM0MzMwN2MyNDqAAn1xAVUKdGVzdGNvb2tp\nZXECVQZ3b3JrZWRxA3Mu\n','2012-04-18 22:59:25'),('bff0bfac6239898b5c0810e356cdc10f','YmY3MDVmMGMzYTNlZmU1ZGU0ZmE4ZWRhMmMzOTcyNTM0MzMwN2MyNDqAAn1xAVUKdGVzdGNvb2tp\nZXECVQZ3b3JrZWRxA3Mu\n','2012-04-18 22:59:29'),('938a3b0ce4204d8a44c26636ca06abee','YmY3MDVmMGMzYTNlZmU1ZGU0ZmE4ZWRhMmMzOTcyNTM0MzMwN2MyNDqAAn1xAVUKdGVzdGNvb2tp\nZXECVQZ3b3JrZWRxA3Mu\n','2012-04-18 22:59:31'),('d0092d8d99ca1b39ee5456ef04835f99','YmY3MDVmMGMzYTNlZmU1ZGU0ZmE4ZWRhMmMzOTcyNTM0MzMwN2MyNDqAAn1xAVUKdGVzdGNvb2tp\nZXECVQZ3b3JrZWRxA3Mu\n','2012-04-18 22:59:34'),('352bfd116d9d17a003bf422e900ce47f','YmY3MDVmMGMzYTNlZmU1ZGU0ZmE4ZWRhMmMzOTcyNTM0MzMwN2MyNDqAAn1xAVUKdGVzdGNvb2tp\nZXECVQZ3b3JrZWRxA3Mu\n','2012-04-18 22:59:36'),('11de821d9fc64a6ce0064e34477cfc21','YmY3MDVmMGMzYTNlZmU1ZGU0ZmE4ZWRhMmMzOTcyNTM0MzMwN2MyNDqAAn1xAVUKdGVzdGNvb2tp\nZXECVQZ3b3JrZWRxA3Mu\n','2012-04-18 22:59:39'),('9f746d1a9d309b37e7331ec523238f0a','YmY3MDVmMGMzYTNlZmU1ZGU0ZmE4ZWRhMmMzOTcyNTM0MzMwN2MyNDqAAn1xAVUKdGVzdGNvb2tp\nZXECVQZ3b3JrZWRxA3Mu\n','2012-04-18 22:59:41'),('916493a387b1f79fbcb946c76ebc47a7','YmY3MDVmMGMzYTNlZmU1ZGU0ZmE4ZWRhMmMzOTcyNTM0MzMwN2MyNDqAAn1xAVUKdGVzdGNvb2tp\nZXECVQZ3b3JrZWRxA3Mu\n','2012-04-18 22:59:44'),('5b29919cebc90d209a85c023bae0664e','YmY3MDVmMGMzYTNlZmU1ZGU0ZmE4ZWRhMmMzOTcyNTM0MzMwN2MyNDqAAn1xAVUKdGVzdGNvb2tp\nZXECVQZ3b3JrZWRxA3Mu\n','2012-04-18 22:59:46'),('da9102c655a397373c0db5133ef9c906','YmY3MDVmMGMzYTNlZmU1ZGU0ZmE4ZWRhMmMzOTcyNTM0MzMwN2MyNDqAAn1xAVUKdGVzdGNvb2tp\nZXECVQZ3b3JrZWRxA3Mu\n','2012-04-18 22:59:50'),('6c1943e96f1e00a7bfaee0d3a89aca2d','YmY3MDVmMGMzYTNlZmU1ZGU0ZmE4ZWRhMmMzOTcyNTM0MzMwN2MyNDqAAn1xAVUKdGVzdGNvb2tp\nZXECVQZ3b3JrZWRxA3Mu\n','2012-04-18 22:59:52'),('f01cddeb0fb77f807a90291e088f4213','YmY3MDVmMGMzYTNlZmU1ZGU0ZmE4ZWRhMmMzOTcyNTM0MzMwN2MyNDqAAn1xAVUKdGVzdGNvb2tp\nZXECVQZ3b3JrZWRxA3Mu\n','2012-04-18 22:59:55'),('cf436f2eb9a95690012b9ab243472f99','YmY3MDVmMGMzYTNlZmU1ZGU0ZmE4ZWRhMmMzOTcyNTM0MzMwN2MyNDqAAn1xAVUKdGVzdGNvb2tp\nZXECVQZ3b3JrZWRxA3Mu\n','2012-04-18 22:59:59'),('1812b14325f7a2af0f35f53e489318a3','YmY3MDVmMGMzYTNlZmU1ZGU0ZmE4ZWRhMmMzOTcyNTM0MzMwN2MyNDqAAn1xAVUKdGVzdGNvb2tp\nZXECVQZ3b3JrZWRxA3Mu\n','2012-04-18 23:00:01'),('9af0399a88b33764fb88930219856445','YmY3MDVmMGMzYTNlZmU1ZGU0ZmE4ZWRhMmMzOTcyNTM0MzMwN2MyNDqAAn1xAVUKdGVzdGNvb2tp\nZXECVQZ3b3JrZWRxA3Mu\n','2012-04-18 23:00:04'),('426f4d03c6581425328f56cd448d723e','YmY3MDVmMGMzYTNlZmU1ZGU0ZmE4ZWRhMmMzOTcyNTM0MzMwN2MyNDqAAn1xAVUKdGVzdGNvb2tp\nZXECVQZ3b3JrZWRxA3Mu\n','2012-04-18 23:00:06'),('6685fa45c6d07a6b193b6a626f320784','YmY3MDVmMGMzYTNlZmU1ZGU0ZmE4ZWRhMmMzOTcyNTM0MzMwN2MyNDqAAn1xAVUKdGVzdGNvb2tp\nZXECVQZ3b3JrZWRxA3Mu\n','2012-04-18 23:00:09'),('3c3d21101c45c71ec0199a456000b59f','YmY3MDVmMGMzYTNlZmU1ZGU0ZmE4ZWRhMmMzOTcyNTM0MzMwN2MyNDqAAn1xAVUKdGVzdGNvb2tp\nZXECVQZ3b3JrZWRxA3Mu\n','2012-04-18 23:00:11'),('80aa6d58bcffabfcc67351c59a44e8aa','YmY3MDVmMGMzYTNlZmU1ZGU0ZmE4ZWRhMmMzOTcyNTM0MzMwN2MyNDqAAn1xAVUKdGVzdGNvb2tp\nZXECVQZ3b3JrZWRxA3Mu\n','2012-04-18 23:00:14'),('a20ee19ed4fa2f919ae3ddb00c8abf67','YmY3MDVmMGMzYTNlZmU1ZGU0ZmE4ZWRhMmMzOTcyNTM0MzMwN2MyNDqAAn1xAVUKdGVzdGNvb2tp\nZXECVQZ3b3JrZWRxA3Mu\n','2012-04-18 23:00:16'),('9dde55a96c0552cd96a3a3db2ecd1990','YmY3MDVmMGMzYTNlZmU1ZGU0ZmE4ZWRhMmMzOTcyNTM0MzMwN2MyNDqAAn1xAVUKdGVzdGNvb2tp\nZXECVQZ3b3JrZWRxA3Mu\n','2012-04-18 23:00:19'),('4b04d542e26ad26a9d538c170ebaebc3','YmY3MDVmMGMzYTNlZmU1ZGU0ZmE4ZWRhMmMzOTcyNTM0MzMwN2MyNDqAAn1xAVUKdGVzdGNvb2tp\nZXECVQZ3b3JrZWRxA3Mu\n','2012-04-18 23:00:21'),('cc0f1109ae97f652ac44c7a77f071fd3','YmY3MDVmMGMzYTNlZmU1ZGU0ZmE4ZWRhMmMzOTcyNTM0MzMwN2MyNDqAAn1xAVUKdGVzdGNvb2tp\nZXECVQZ3b3JrZWRxA3Mu\n','2012-04-18 23:00:24'),('e1d61b2a0b44b9cbc04d77cc09cefa6d','YmY3MDVmMGMzYTNlZmU1ZGU0ZmE4ZWRhMmMzOTcyNTM0MzMwN2MyNDqAAn1xAVUKdGVzdGNvb2tp\nZXECVQZ3b3JrZWRxA3Mu\n','2012-04-18 23:00:26'),('106afecda6f8478d9c57a5ca7582da79','YmY3MDVmMGMzYTNlZmU1ZGU0ZmE4ZWRhMmMzOTcyNTM0MzMwN2MyNDqAAn1xAVUKdGVzdGNvb2tp\nZXECVQZ3b3JrZWRxA3Mu\n','2012-04-18 23:00:29'),('1d6e90ea0afc6d3a2b99cc84819b13ac','YmY3MDVmMGMzYTNlZmU1ZGU0ZmE4ZWRhMmMzOTcyNTM0MzMwN2MyNDqAAn1xAVUKdGVzdGNvb2tp\nZXECVQZ3b3JrZWRxA3Mu\n','2012-04-18 23:00:31'),('29b4f403923fd26e3bab4d6358d334eb','YmY3MDVmMGMzYTNlZmU1ZGU0ZmE4ZWRhMmMzOTcyNTM0MzMwN2MyNDqAAn1xAVUKdGVzdGNvb2tp\nZXECVQZ3b3JrZWRxA3Mu\n','2012-04-18 23:00:34'),('9a8e54e956573f8a43eb0f5711c59f8c','YmY3MDVmMGMzYTNlZmU1ZGU0ZmE4ZWRhMmMzOTcyNTM0MzMwN2MyNDqAAn1xAVUKdGVzdGNvb2tp\nZXECVQZ3b3JrZWRxA3Mu\n','2012-04-18 23:00:36'),('0c6a298938aebe29b2af704b85b8837e','YmY3MDVmMGMzYTNlZmU1ZGU0ZmE4ZWRhMmMzOTcyNTM0MzMwN2MyNDqAAn1xAVUKdGVzdGNvb2tp\nZXECVQZ3b3JrZWRxA3Mu\n','2012-04-18 23:00:40'),('22e18768f224c3368e55b32ffaaaf658','YmY3MDVmMGMzYTNlZmU1ZGU0ZmE4ZWRhMmMzOTcyNTM0MzMwN2MyNDqAAn1xAVUKdGVzdGNvb2tp\nZXECVQZ3b3JrZWRxA3Mu\n','2012-04-18 23:00:42'),('c02174e582292d68f5fd1542db3512ad','YmY3MDVmMGMzYTNlZmU1ZGU0ZmE4ZWRhMmMzOTcyNTM0MzMwN2MyNDqAAn1xAVUKdGVzdGNvb2tp\nZXECVQZ3b3JrZWRxA3Mu\n','2012-04-18 23:00:45'),('4f8b1a827ee1335ee844dffe9ae8b1e7','YmY3MDVmMGMzYTNlZmU1ZGU0ZmE4ZWRhMmMzOTcyNTM0MzMwN2MyNDqAAn1xAVUKdGVzdGNvb2tp\nZXECVQZ3b3JrZWRxA3Mu\n','2012-04-18 23:00:47'),('44026b6a4f7892f9df2499e70d3e9a63','YmY3MDVmMGMzYTNlZmU1ZGU0ZmE4ZWRhMmMzOTcyNTM0MzMwN2MyNDqAAn1xAVUKdGVzdGNvb2tp\nZXECVQZ3b3JrZWRxA3Mu\n','2012-04-18 23:00:50'),('686a705abaa8648af227c8e2c0e4143c','YmY3MDVmMGMzYTNlZmU1ZGU0ZmE4ZWRhMmMzOTcyNTM0MzMwN2MyNDqAAn1xAVUKdGVzdGNvb2tp\nZXECVQZ3b3JrZWRxA3Mu\n','2012-04-18 23:00:52'),('1a8067629bbc01e89d0b5017fad8bac9','YmY3MDVmMGMzYTNlZmU1ZGU0ZmE4ZWRhMmMzOTcyNTM0MzMwN2MyNDqAAn1xAVUKdGVzdGNvb2tp\nZXECVQZ3b3JrZWRxA3Mu\n','2012-04-18 23:00:55'),('d22523f1d3021258d5bb44583384c161','YmY3MDVmMGMzYTNlZmU1ZGU0ZmE4ZWRhMmMzOTcyNTM0MzMwN2MyNDqAAn1xAVUKdGVzdGNvb2tp\nZXECVQZ3b3JrZWRxA3Mu\n','2012-04-18 23:00:57'),('c3d6edd5c1cd97fe9bb08562d33dfef0','YmY3MDVmMGMzYTNlZmU1ZGU0ZmE4ZWRhMmMzOTcyNTM0MzMwN2MyNDqAAn1xAVUKdGVzdGNvb2tp\nZXECVQZ3b3JrZWRxA3Mu\n','2012-04-18 23:01:00'),('8156c7d9b1ae4b3386be67cdff36a92d','YmY3MDVmMGMzYTNlZmU1ZGU0ZmE4ZWRhMmMzOTcyNTM0MzMwN2MyNDqAAn1xAVUKdGVzdGNvb2tp\nZXECVQZ3b3JrZWRxA3Mu\n','2012-04-18 23:01:02'),('245c7f19d9a190cb70c342f5bdda6e17','YmY3MDVmMGMzYTNlZmU1ZGU0ZmE4ZWRhMmMzOTcyNTM0MzMwN2MyNDqAAn1xAVUKdGVzdGNvb2tp\nZXECVQZ3b3JrZWRxA3Mu\n','2012-04-18 23:01:05'),('df4f94f04a6ccb891abf67fb2b61eec8','YmY3MDVmMGMzYTNlZmU1ZGU0ZmE4ZWRhMmMzOTcyNTM0MzMwN2MyNDqAAn1xAVUKdGVzdGNvb2tp\nZXECVQZ3b3JrZWRxA3Mu\n','2012-04-18 23:01:07'),('d928da2b8b033ef108a7523ef47ace9d','YmY3MDVmMGMzYTNlZmU1ZGU0ZmE4ZWRhMmMzOTcyNTM0MzMwN2MyNDqAAn1xAVUKdGVzdGNvb2tp\nZXECVQZ3b3JrZWRxA3Mu\n','2012-04-18 23:01:10'),('b7bae7f82af27b5e05f87d43b9b64426','YmY3MDVmMGMzYTNlZmU1ZGU0ZmE4ZWRhMmMzOTcyNTM0MzMwN2MyNDqAAn1xAVUKdGVzdGNvb2tp\nZXECVQZ3b3JrZWRxA3Mu\n','2012-04-18 23:01:12'),('e0efa1c12397145acaa54aa593415617','YmY3MDVmMGMzYTNlZmU1ZGU0ZmE4ZWRhMmMzOTcyNTM0MzMwN2MyNDqAAn1xAVUKdGVzdGNvb2tp\nZXECVQZ3b3JrZWRxA3Mu\n','2012-04-18 23:01:15'),('c5906de00d6ec12998be6c8adc6880c9','YmY3MDVmMGMzYTNlZmU1ZGU0ZmE4ZWRhMmMzOTcyNTM0MzMwN2MyNDqAAn1xAVUKdGVzdGNvb2tp\nZXECVQZ3b3JrZWRxA3Mu\n','2012-04-18 23:01:17'),('3f7408f43a72d7dc59d915b8e82a71d2','YmY3MDVmMGMzYTNlZmU1ZGU0ZmE4ZWRhMmMzOTcyNTM0MzMwN2MyNDqAAn1xAVUKdGVzdGNvb2tp\nZXECVQZ3b3JrZWRxA3Mu\n','2012-04-18 23:01:20'),('751295d6f810c61e3781e622d421b598','YmY3MDVmMGMzYTNlZmU1ZGU0ZmE4ZWRhMmMzOTcyNTM0MzMwN2MyNDqAAn1xAVUKdGVzdGNvb2tp\nZXECVQZ3b3JrZWRxA3Mu\n','2012-04-18 23:01:22'),('dee30ced95a8c00a258ed9257ae3b0a3','YmY3MDVmMGMzYTNlZmU1ZGU0ZmE4ZWRhMmMzOTcyNTM0MzMwN2MyNDqAAn1xAVUKdGVzdGNvb2tp\nZXECVQZ3b3JrZWRxA3Mu\n','2012-04-18 23:01:26'),('10e0fd7dfae495c7f5766405689e0740','YmY3MDVmMGMzYTNlZmU1ZGU0ZmE4ZWRhMmMzOTcyNTM0MzMwN2MyNDqAAn1xAVUKdGVzdGNvb2tp\nZXECVQZ3b3JrZWRxA3Mu\n','2012-04-18 23:01:29'),('655c36cc73b8e413df0b6bf38387d002','YmY3MDVmMGMzYTNlZmU1ZGU0ZmE4ZWRhMmMzOTcyNTM0MzMwN2MyNDqAAn1xAVUKdGVzdGNvb2tp\nZXECVQZ3b3JrZWRxA3Mu\n','2012-04-18 23:01:31'),('5d11cc082f26e13958a63b5696927ef0','YmY3MDVmMGMzYTNlZmU1ZGU0ZmE4ZWRhMmMzOTcyNTM0MzMwN2MyNDqAAn1xAVUKdGVzdGNvb2tp\nZXECVQZ3b3JrZWRxA3Mu\n','2012-04-18 23:01:34'),('c930b5af8aa302e01b14bc6b355d33ff','YmY3MDVmMGMzYTNlZmU1ZGU0ZmE4ZWRhMmMzOTcyNTM0MzMwN2MyNDqAAn1xAVUKdGVzdGNvb2tp\nZXECVQZ3b3JrZWRxA3Mu\n','2012-04-18 23:01:36'),('d2327007f23c9319a7d2f5f83d3a0910','YmY3MDVmMGMzYTNlZmU1ZGU0ZmE4ZWRhMmMzOTcyNTM0MzMwN2MyNDqAAn1xAVUKdGVzdGNvb2tp\nZXECVQZ3b3JrZWRxA3Mu\n','2012-04-18 23:01:39'),('22878e5b45567808e1974acbee8a3a4f','YmY3MDVmMGMzYTNlZmU1ZGU0ZmE4ZWRhMmMzOTcyNTM0MzMwN2MyNDqAAn1xAVUKdGVzdGNvb2tp\nZXECVQZ3b3JrZWRxA3Mu\n','2012-04-18 23:01:41'),('844d84065ab458a92c47dba9103f4464','YmY3MDVmMGMzYTNlZmU1ZGU0ZmE4ZWRhMmMzOTcyNTM0MzMwN2MyNDqAAn1xAVUKdGVzdGNvb2tp\nZXECVQZ3b3JrZWRxA3Mu\n','2012-04-18 23:01:45'),('752529be32feb01e65e7f322a50f18fa','YmY3MDVmMGMzYTNlZmU1ZGU0ZmE4ZWRhMmMzOTcyNTM0MzMwN2MyNDqAAn1xAVUKdGVzdGNvb2tp\nZXECVQZ3b3JrZWRxA3Mu\n','2012-04-18 23:01:47'),('29073ed258112b0b46f2c04f3548cda6','YmY3MDVmMGMzYTNlZmU1ZGU0ZmE4ZWRhMmMzOTcyNTM0MzMwN2MyNDqAAn1xAVUKdGVzdGNvb2tp\nZXECVQZ3b3JrZWRxA3Mu\n','2012-04-18 23:01:50'),('0a2e9cfe2db27defefe44cdb00d50640','YmY3MDVmMGMzYTNlZmU1ZGU0ZmE4ZWRhMmMzOTcyNTM0MzMwN2MyNDqAAn1xAVUKdGVzdGNvb2tp\nZXECVQZ3b3JrZWRxA3Mu\n','2012-04-18 23:01:52'),('d596eb7f14839a9218c1d74ca8f60196','YmY3MDVmMGMzYTNlZmU1ZGU0ZmE4ZWRhMmMzOTcyNTM0MzMwN2MyNDqAAn1xAVUKdGVzdGNvb2tp\nZXECVQZ3b3JrZWRxA3Mu\n','2012-04-18 23:01:55'),('66068b2c32e3fefe5673d49833c2fb95','YmY3MDVmMGMzYTNlZmU1ZGU0ZmE4ZWRhMmMzOTcyNTM0MzMwN2MyNDqAAn1xAVUKdGVzdGNvb2tp\nZXECVQZ3b3JrZWRxA3Mu\n','2012-04-18 23:01:58'),('3cba94b4a1c63f232fb7d58abf25fb39','YmY3MDVmMGMzYTNlZmU1ZGU0ZmE4ZWRhMmMzOTcyNTM0MzMwN2MyNDqAAn1xAVUKdGVzdGNvb2tp\nZXECVQZ3b3JrZWRxA3Mu\n','2012-04-18 23:02:00'),('cb67d4892e487ad2f90c594870443e11','YmY3MDVmMGMzYTNlZmU1ZGU0ZmE4ZWRhMmMzOTcyNTM0MzMwN2MyNDqAAn1xAVUKdGVzdGNvb2tp\nZXECVQZ3b3JrZWRxA3Mu\n','2012-04-18 23:02:02'),('23cc15902c5f878e57a2d75ebb172e91','YmY3MDVmMGMzYTNlZmU1ZGU0ZmE4ZWRhMmMzOTcyNTM0MzMwN2MyNDqAAn1xAVUKdGVzdGNvb2tp\nZXECVQZ3b3JrZWRxA3Mu\n','2012-04-18 23:02:05'),('e2bfe7b8385236e442dfda032df59e8b','YmY3MDVmMGMzYTNlZmU1ZGU0ZmE4ZWRhMmMzOTcyNTM0MzMwN2MyNDqAAn1xAVUKdGVzdGNvb2tp\nZXECVQZ3b3JrZWRxA3Mu\n','2012-04-20 03:16:46'),('ed9e9d2f1bfffffa3cc60839592033c2','NDQzOTBiZTIxZTgzZWVhNTBiMDJhYjUwYjYyNDRiYjM4YmVkYTI1MTqAAn1xAVUKdGVzdGNvb2tp\nZVUGd29ya2VkcQJzLg==\n','2012-04-23 20:50:44'),('badcc5c2b7a8c2c9a6999f777973e85f','Mzg1ZjgwNTdkOTNlOTRjZDgzNTFmYmM5NDdhN2NjN2VkOGVmYzU0OTqAAn1xAShVDV9hdXRoX3Vz\nZXJfaWSKARJVEl9hdXRoX3VzZXJfYmFja2VuZFUpZGphbmdvLmNvbnRyaWIuYXV0aC5iYWNrZW5k\ncy5Nb2RlbEJhY2tlbmRVD2RqYW5nb19sYW5ndWFnZVgHAAAARW5nbGlzaHECdS4=\n','2012-04-23 20:49:11'),('84e5f39df065bc8985e2b07ddba4a821','YmY3MDVmMGMzYTNlZmU1ZGU0ZmE4ZWRhMmMzOTcyNTM0MzMwN2MyNDqAAn1xAVUKdGVzdGNvb2tp\nZXECVQZ3b3JrZWRxA3Mu\n','2012-04-26 21:39:44'),('171173748ee2cd77f0d7bf1b6dfcd478','YmY3MDVmMGMzYTNlZmU1ZGU0ZmE4ZWRhMmMzOTcyNTM0MzMwN2MyNDqAAn1xAVUKdGVzdGNvb2tp\nZXECVQZ3b3JrZWRxA3Mu\n','2012-05-01 04:48:00'),('10254f4f9dc43742938d20dd757617b4','ZDM1OGQ0OWRiOTU5ZDQ1MTQ2NzI3ZTU2YzA4YmVhNTQwOWZjZTIxOTqAAn1xAShVDV9hdXRoX3Vz\nZXJfaWSKAQFVEl9hdXRoX3VzZXJfYmFja2VuZFUpZGphbmdvLmNvbnRyaWIuYXV0aC5iYWNrZW5k\ncy5Nb2RlbEJhY2tlbmRVD2RqYW5nb19sYW5ndWFnZVgHAAAARW5nbGlzaHECdS4=\n','2012-05-14 19:13:25'),('e703fcbd7004a6bcd17256cb04be803f','YmY3MDVmMGMzYTNlZmU1ZGU0ZmE4ZWRhMmMzOTcyNTM0MzMwN2MyNDqAAn1xAVUKdGVzdGNvb2tp\nZXECVQZ3b3JrZWRxA3Mu\n','2012-05-02 17:47:50'),('a997b8167e1b587d810f6d39f3b9cf68','YmY3MDVmMGMzYTNlZmU1ZGU0ZmE4ZWRhMmMzOTcyNTM0MzMwN2MyNDqAAn1xAVUKdGVzdGNvb2tp\nZXECVQZ3b3JrZWRxA3Mu\n','2012-05-03 05:25:51'),('66bee35fd85c5c153780d792d7dd92ba','YmY3MDVmMGMzYTNlZmU1ZGU0ZmE4ZWRhMmMzOTcyNTM0MzMwN2MyNDqAAn1xAVUKdGVzdGNvb2tp\nZXECVQZ3b3JrZWRxA3Mu\n','2012-05-03 23:54:22'),('cfef66cef5c22895381acbc01ea6e592','YmY3MDVmMGMzYTNlZmU1ZGU0ZmE4ZWRhMmMzOTcyNTM0MzMwN2MyNDqAAn1xAVUKdGVzdGNvb2tp\nZXECVQZ3b3JrZWRxA3Mu\n','2012-05-04 00:57:48'),('b8be4be8a177270f11eb66e19713df72','YmY3MDVmMGMzYTNlZmU1ZGU0ZmE4ZWRhMmMzOTcyNTM0MzMwN2MyNDqAAn1xAVUKdGVzdGNvb2tp\nZXECVQZ3b3JrZWRxA3Mu\n','2012-05-05 13:10:34'),('e2ed5aa5742500a6beb070f60cd21ec1','YmY3MDVmMGMzYTNlZmU1ZGU0ZmE4ZWRhMmMzOTcyNTM0MzMwN2MyNDqAAn1xAVUKdGVzdGNvb2tp\nZXECVQZ3b3JrZWRxA3Mu\n','2012-05-09 06:38:26'),('cb0b4ac867a56c73cf23577343e05ff5','YmY3MDVmMGMzYTNlZmU1ZGU0ZmE4ZWRhMmMzOTcyNTM0MzMwN2MyNDqAAn1xAVUKdGVzdGNvb2tp\nZXECVQZ3b3JrZWRxA3Mu\n','2012-05-12 00:14:08'),('0647c82e91a6d6567f46d2c414f03539','YmY3MDVmMGMzYTNlZmU1ZGU0ZmE4ZWRhMmMzOTcyNTM0MzMwN2MyNDqAAn1xAVUKdGVzdGNvb2tp\nZXECVQZ3b3JrZWRxA3Mu\n','2012-05-13 05:18:23'),('845529c23537919c02e5da435f4fae2b','YmY3MDVmMGMzYTNlZmU1ZGU0ZmE4ZWRhMmMzOTcyNTM0MzMwN2MyNDqAAn1xAVUKdGVzdGNvb2tp\nZXECVQZ3b3JrZWRxA3Mu\n','2012-05-14 21:03:10'),('08f31835eb25c0911093390bacfc0a46','ODljMzQ3ZmY3ODU2ZWRkMjNhMjdiOGU4YjQ5ZmNjMWU0NDQyYTUxZjqAAn1xAShVEl9hdXRoX3Vz\nZXJfYmFja2VuZFUpZGphbmdvLmNvbnRyaWIuYXV0aC5iYWNrZW5kcy5Nb2RlbEJhY2tlbmRVDV9h\ndXRoX3VzZXJfaWSKAQFVD2RqYW5nb19sYW5ndWFnZVgHAAAARW5nbGlzaHECdS4=\n','2012-05-13 21:01:13'),('b51722294c8675a2a6015319043660a2','YmY3MDVmMGMzYTNlZmU1ZGU0ZmE4ZWRhMmMzOTcyNTM0MzMwN2MyNDqAAn1xAVUKdGVzdGNvb2tp\nZXECVQZ3b3JrZWRxA3Mu\n','2012-05-19 22:30:49'),('f33f4dc36af6da6f7cb0a321489b0c23','M2NkODU2NmE4Yzk5YjBmNzM2ZmVkZTE5YmFiNWVmMjM3MjQzYzg4NzqAAn1xAShVEl9hdXRoX3Vz\nZXJfYmFja2VuZHECVSlkamFuZ28uY29udHJpYi5hdXRoLmJhY2tlbmRzLk1vZGVsQmFja2VuZHED\nVQ1fYXV0aF91c2VyX2lkcQSKAQF1Lg==\n','2012-05-16 16:04:44'),('f4dbd5211a2aa5c472bff79f1e7f80f0','M2NkODU2NmE4Yzk5YjBmNzM2ZmVkZTE5YmFiNWVmMjM3MjQzYzg4NzqAAn1xAShVEl9hdXRoX3Vz\nZXJfYmFja2VuZHECVSlkamFuZ28uY29udHJpYi5hdXRoLmJhY2tlbmRzLk1vZGVsQmFja2VuZHED\nVQ1fYXV0aF91c2VyX2lkcQSKAQF1Lg==\n','2012-05-16 19:38:42'),('3a9dbb7ec59b82d481bf4eea6b16a630','YmY3MDVmMGMzYTNlZmU1ZGU0ZmE4ZWRhMmMzOTcyNTM0MzMwN2MyNDqAAn1xAVUKdGVzdGNvb2tp\nZXECVQZ3b3JrZWRxA3Mu\n','2012-05-24 22:18:46'),('31f0ccb70dc742adcef7ebbf5211cdaf','YmY3MDVmMGMzYTNlZmU1ZGU0ZmE4ZWRhMmMzOTcyNTM0MzMwN2MyNDqAAn1xAVUKdGVzdGNvb2tp\nZXECVQZ3b3JrZWRxA3Mu\n','2012-05-27 15:35:56'),('acb388739e20cd4e6dd32402bdf533e9','YmY3MDVmMGMzYTNlZmU1ZGU0ZmE4ZWRhMmMzOTcyNTM0MzMwN2MyNDqAAn1xAVUKdGVzdGNvb2tp\nZXECVQZ3b3JrZWRxA3Mu\n','2012-05-29 17:10:43'),('a8a286f5d5c4ffacfc7bb9dca045c057','YmY3MDVmMGMzYTNlZmU1ZGU0ZmE4ZWRhMmMzOTcyNTM0MzMwN2MyNDqAAn1xAVUKdGVzdGNvb2tp\nZXECVQZ3b3JrZWRxA3Mu\n','2012-05-30 16:28:16'),('96689584b05b1415313f84544703d015','YmY3MDVmMGMzYTNlZmU1ZGU0ZmE4ZWRhMmMzOTcyNTM0MzMwN2MyNDqAAn1xAVUKdGVzdGNvb2tp\nZXECVQZ3b3JrZWRxA3Mu\n','2012-05-30 18:26:42'),('694f92afb18b3508524ba253cdd11629','YmY3MDVmMGMzYTNlZmU1ZGU0ZmE4ZWRhMmMzOTcyNTM0MzMwN2MyNDqAAn1xAVUKdGVzdGNvb2tp\nZXECVQZ3b3JrZWRxA3Mu\n','2012-05-31 18:18:46'),('34aadff9fb7bdde272b332f2013ac84f','YmY3MDVmMGMzYTNlZmU1ZGU0ZmE4ZWRhMmMzOTcyNTM0MzMwN2MyNDqAAn1xAVUKdGVzdGNvb2tp\nZXECVQZ3b3JrZWRxA3Mu\n','2012-06-03 04:03:10'),('dc4f368c80b82464be5b23ac33e4ea26','YmY3MDVmMGMzYTNlZmU1ZGU0ZmE4ZWRhMmMzOTcyNTM0MzMwN2MyNDqAAn1xAVUKdGVzdGNvb2tp\nZXECVQZ3b3JrZWRxA3Mu\n','2012-06-03 15:03:08'),('8fbdfcc9ae5c3da1a9dc53e696800957','YmY3MDVmMGMzYTNlZmU1ZGU0ZmE4ZWRhMmMzOTcyNTM0MzMwN2MyNDqAAn1xAVUKdGVzdGNvb2tp\nZXECVQZ3b3JrZWRxA3Mu\n','2012-06-07 11:15:55'),('447fa093f1a7ffe2ff3367b68ca33655','YmY3MDVmMGMzYTNlZmU1ZGU0ZmE4ZWRhMmMzOTcyNTM0MzMwN2MyNDqAAn1xAVUKdGVzdGNvb2tp\nZXECVQZ3b3JrZWRxA3Mu\n','2012-06-07 11:21:56'),('040e63d434152ae3d0f685357f728196','YmY3MDVmMGMzYTNlZmU1ZGU0ZmE4ZWRhMmMzOTcyNTM0MzMwN2MyNDqAAn1xAVUKdGVzdGNvb2tp\nZXECVQZ3b3JrZWRxA3Mu\n','2012-06-12 01:37:56'),('5fddd1b1220c59278752db07cf74aa8d','M2NkODU2NmE4Yzk5YjBmNzM2ZmVkZTE5YmFiNWVmMjM3MjQzYzg4NzqAAn1xAShVEl9hdXRoX3Vz\nZXJfYmFja2VuZHECVSlkamFuZ28uY29udHJpYi5hdXRoLmJhY2tlbmRzLk1vZGVsQmFja2VuZHED\nVQ1fYXV0aF91c2VyX2lkcQSKAQF1Lg==\n','2012-06-07 14:13:06'),('c64a4433a2ad74cbd2d1430139ba92df','YmY3MDVmMGMzYTNlZmU1ZGU0ZmE4ZWRhMmMzOTcyNTM0MzMwN2MyNDqAAn1xAVUKdGVzdGNvb2tp\nZXECVQZ3b3JrZWRxA3Mu\n','2012-06-13 05:05:41'),('e9db7778bda8650672d997640f211f69','YmY3MDVmMGMzYTNlZmU1ZGU0ZmE4ZWRhMmMzOTcyNTM0MzMwN2MyNDqAAn1xAVUKdGVzdGNvb2tp\nZXECVQZ3b3JrZWRxA3Mu\n','2012-06-13 17:09:26'),('bdcb68573432c0511a2c51edf256a111','YmY3MDVmMGMzYTNlZmU1ZGU0ZmE4ZWRhMmMzOTcyNTM0MzMwN2MyNDqAAn1xAVUKdGVzdGNvb2tp\nZXECVQZ3b3JrZWRxA3Mu\n','2012-06-13 17:13:23'),('1a55ada462e8a901a3d7eba52e76d9b3','YmY3MDVmMGMzYTNlZmU1ZGU0ZmE4ZWRhMmMzOTcyNTM0MzMwN2MyNDqAAn1xAVUKdGVzdGNvb2tp\nZXECVQZ3b3JrZWRxA3Mu\n','2012-06-15 02:02:45'),('53cf03eb11aa5fbddaea62f4f5916dbc','YmY3MDVmMGMzYTNlZmU1ZGU0ZmE4ZWRhMmMzOTcyNTM0MzMwN2MyNDqAAn1xAVUKdGVzdGNvb2tp\nZXECVQZ3b3JrZWRxA3Mu\n','2012-06-21 06:20:12'),('e8840198bff0c5e86223fb09c57d3c8a','YmY3MDVmMGMzYTNlZmU1ZGU0ZmE4ZWRhMmMzOTcyNTM0MzMwN2MyNDqAAn1xAVUKdGVzdGNvb2tp\nZXECVQZ3b3JrZWRxA3Mu\n','2012-06-15 11:40:49'),('86930364774d4b4f2530c46cb606d0df','YmY3MDVmMGMzYTNlZmU1ZGU0ZmE4ZWRhMmMzOTcyNTM0MzMwN2MyNDqAAn1xAVUKdGVzdGNvb2tp\nZXECVQZ3b3JrZWRxA3Mu\n','2012-06-20 01:53:21'),('b01c37105370fbf5087a510058ec58da','Yzk3MmEwYjljMmE2OTc2MmI0ZDRiNGM1ZDUxZmM5NzFlZjBlMWQ5ODqAAn1xAShVEl9hdXRoX3Vz\nZXJfYmFja2VuZHECVSlkamFuZ28uY29udHJpYi5hdXRoLmJhY2tlbmRzLk1vZGVsQmFja2VuZHED\nVQ1fYXV0aF91c2VyX2lkcQSKAR11Lg==\n','2012-06-19 23:09:19'),('b59eba2f51cfc2b0c46e6d05b2ab4db3','Yjk2OTUzM2EwYmFlNGRhNjQ2YjRkYjk0YzhlODY2ZjM3NTA4YzcwZDqAAn1xAShVEl9hdXRoX3Vz\nZXJfYmFja2VuZHECVSlkamFuZ28uY29udHJpYi5hdXRoLmJhY2tlbmRzLk1vZGVsQmFja2VuZHED\nVQ1fYXV0aF91c2VyX2lkcQSKASF1Lg==\n','2012-06-21 23:42:41'),('0c600d7481a3ac4a8a1facdf568f54ab','MjhhYTAxZmYwMTBhNThjNjQ0MTk3NmE4YWFjYWQ3ZjgyZWIxZWVkYzqAAn1xAShVEl9hdXRoX3Vz\nZXJfYmFja2VuZHECVSlkamFuZ28uY29udHJpYi5hdXRoLmJhY2tlbmRzLk1vZGVsQmFja2VuZHED\nVQ1fYXV0aF91c2VyX2lkcQSKASJ1Lg==\n','2012-06-20 22:09:07'),('3254ce28423c3c3fc837a7de7b27680c','M2NkODU2NmE4Yzk5YjBmNzM2ZmVkZTE5YmFiNWVmMjM3MjQzYzg4NzqAAn1xAShVEl9hdXRoX3Vz\nZXJfYmFja2VuZHECVSlkamFuZ28uY29udHJpYi5hdXRoLmJhY2tlbmRzLk1vZGVsQmFja2VuZHED\nVQ1fYXV0aF91c2VyX2lkcQSKAQF1Lg==\n','2012-06-20 18:56:33'),('1a2c7d147c27fafcbb411f9f33331ff3','YmY3MDVmMGMzYTNlZmU1ZGU0ZmE4ZWRhMmMzOTcyNTM0MzMwN2MyNDqAAn1xAVUKdGVzdGNvb2tp\nZXECVQZ3b3JrZWRxA3Mu\n','2012-06-21 11:11:22'),('e3d806af849598917912f68a8a71174a','YTQyYzY0MTgyNTNkZGY4OWNiMjNlYjM2ZGMzOWM3NTZlZmE0ZDE5MDqAAn1xAS4=\n','2012-06-21 11:42:52'),('16f88a8802b0fc13a1e3aae394da4b5a','YmY3MDVmMGMzYTNlZmU1ZGU0ZmE4ZWRhMmMzOTcyNTM0MzMwN2MyNDqAAn1xAVUKdGVzdGNvb2tp\nZXECVQZ3b3JrZWRxA3Mu\n','2012-06-21 11:42:54'),('c9dbbdc1e4c9915ae7a05ef080ba044d','YmY3MDVmMGMzYTNlZmU1ZGU0ZmE4ZWRhMmMzOTcyNTM0MzMwN2MyNDqAAn1xAVUKdGVzdGNvb2tp\nZXECVQZ3b3JrZWRxA3Mu\n','2012-06-22 11:28:37'),('194d73d71fae118c007c7285d67af598','YmY3MDVmMGMzYTNlZmU1ZGU0ZmE4ZWRhMmMzOTcyNTM0MzMwN2MyNDqAAn1xAVUKdGVzdGNvb2tp\nZXECVQZ3b3JrZWRxA3Mu\n','2012-06-21 22:23:55'),('84e349361b98232f075bb28992311a1f','YmY3MDVmMGMzYTNlZmU1ZGU0ZmE4ZWRhMmMzOTcyNTM0MzMwN2MyNDqAAn1xAVUKdGVzdGNvb2tp\nZXECVQZ3b3JrZWRxA3Mu\n','2012-06-21 13:52:27'),('1868ffb70288504dc270724017a3fb51','YmY3MDVmMGMzYTNlZmU1ZGU0ZmE4ZWRhMmMzOTcyNTM0MzMwN2MyNDqAAn1xAVUKdGVzdGNvb2tp\nZXECVQZ3b3JrZWRxA3Mu\n','2012-06-21 15:51:23'),('fbee54504d415f52e9ce52062d92daf5','NDQzOTBiZTIxZTgzZWVhNTBiMDJhYjUwYjYyNDRiYjM4YmVkYTI1MTqAAn1xAVUKdGVzdGNvb2tp\nZVUGd29ya2VkcQJzLg==\n','2012-06-22 08:16:12'),('3b2b30cb253ca2c9fca6faf0362195d5','YmY3MDVmMGMzYTNlZmU1ZGU0ZmE4ZWRhMmMzOTcyNTM0MzMwN2MyNDqAAn1xAVUKdGVzdGNvb2tp\nZXECVQZ3b3JrZWRxA3Mu\n','2012-06-21 22:45:32'),('3150a9c0a79b130428cdcab3f401f225','YmY3MDVmMGMzYTNlZmU1ZGU0ZmE4ZWRhMmMzOTcyNTM0MzMwN2MyNDqAAn1xAVUKdGVzdGNvb2tp\nZXECVQZ3b3JrZWRxA3Mu\n','2012-06-21 22:46:48'),('7dcdcb05433a85d18528ddf1cdb15c67','YmY3MDVmMGMzYTNlZmU1ZGU0ZmE4ZWRhMmMzOTcyNTM0MzMwN2MyNDqAAn1xAVUKdGVzdGNvb2tp\nZXECVQZ3b3JrZWRxA3Mu\n','2012-06-21 22:46:48'),('69cb17c8fad403783cca6d1bbf822016','YmY3MDVmMGMzYTNlZmU1ZGU0ZmE4ZWRhMmMzOTcyNTM0MzMwN2MyNDqAAn1xAVUKdGVzdGNvb2tp\nZXECVQZ3b3JrZWRxA3Mu\n','2012-06-21 22:46:48'),('538506b10f77e3a57bc93f482ee13e09','Yjk2OTUzM2EwYmFlNGRhNjQ2YjRkYjk0YzhlODY2ZjM3NTA4YzcwZDqAAn1xAShVEl9hdXRoX3Vz\nZXJfYmFja2VuZHECVSlkamFuZ28uY29udHJpYi5hdXRoLmJhY2tlbmRzLk1vZGVsQmFja2VuZHED\nVQ1fYXV0aF91c2VyX2lkcQSKASF1Lg==\n','2012-06-22 08:31:35'),('1d0032412939475b2216700b4bfedcdc','YmY3MDVmMGMzYTNlZmU1ZGU0ZmE4ZWRhMmMzOTcyNTM0MzMwN2MyNDqAAn1xAVUKdGVzdGNvb2tp\nZXECVQZ3b3JrZWRxA3Mu\n','2012-06-23 03:47:52'),('75f2afa1ecd6b6190c6f4593fba7001d','NjEzZTRkM2ExMTFiOTJmMDgwMjlkOTMxZDg1MTI5ZDY4ODFkZjllNjqAAn1xAShVEl9hdXRoX3Vz\nZXJfYmFja2VuZHECVSlkamFuZ28uY29udHJpYi5hdXRoLmJhY2tlbmRzLk1vZGVsQmFja2VuZHED\nVQ1fYXV0aF91c2VyX2lkcQSKASN1Lg==\n','2012-06-22 14:28:12'),('9076d3103cd502c41dba6b3acf4aeeec','Yjk2OTUzM2EwYmFlNGRhNjQ2YjRkYjk0YzhlODY2ZjM3NTA4YzcwZDqAAn1xAShVEl9hdXRoX3Vz\nZXJfYmFja2VuZHECVSlkamFuZ28uY29udHJpYi5hdXRoLmJhY2tlbmRzLk1vZGVsQmFja2VuZHED\nVQ1fYXV0aF91c2VyX2lkcQSKASF1Lg==\n','2012-06-22 20:15:22'),('0ebac1dfd4cfb2cb136079096086fbf9','M2NkODU2NmE4Yzk5YjBmNzM2ZmVkZTE5YmFiNWVmMjM3MjQzYzg4NzqAAn1xAShVEl9hdXRoX3Vz\nZXJfYmFja2VuZHECVSlkamFuZ28uY29udHJpYi5hdXRoLmJhY2tlbmRzLk1vZGVsQmFja2VuZHED\nVQ1fYXV0aF91c2VyX2lkcQSKAQF1Lg==\n','2012-06-25 23:00:24'),('0ed45f0e44fd6dd0111471621b868976','M2NkODU2NmE4Yzk5YjBmNzM2ZmVkZTE5YmFiNWVmMjM3MjQzYzg4NzqAAn1xAShVEl9hdXRoX3Vz\nZXJfYmFja2VuZHECVSlkamFuZ28uY29udHJpYi5hdXRoLmJhY2tlbmRzLk1vZGVsQmFja2VuZHED\nVQ1fYXV0aF91c2VyX2lkcQSKAQF1Lg==\n','2012-06-23 23:14:11');
/*!40000 ALTER TABLE `django_session` ENABLE KEYS */;
UNLOCK TABLES;

--
-- Table structure for table `django_site`
--

DROP TABLE IF EXISTS `django_site`;
/*!40101 SET @saved_cs_client     = @@character_set_client */;
/*!40101 SET character_set_client = utf8 */;
CREATE TABLE `django_site` (
  `id` int(11) NOT NULL AUTO_INCREMENT,
  `domain` varchar(100) NOT NULL,
  `name` varchar(50) NOT NULL,
  PRIMARY KEY (`id`)
) ENGINE=MyISAM AUTO_INCREMENT=2 DEFAULT CHARSET=latin1;
/*!40101 SET character_set_client = @saved_cs_client */;

--
-- Dumping data for table `django_site`
--

LOCK TABLES `django_site` WRITE;
/*!40000 ALTER TABLE `django_site` DISABLE KEYS */;
INSERT INTO `django_site` VALUES (1,'example.com','example.com');
/*!40000 ALTER TABLE `django_site` ENABLE KEYS */;
UNLOCK TABLES;

--
-- Table structure for table `forum_forum`
--

DROP TABLE IF EXISTS `forum_forum`;
/*!40101 SET @saved_cs_client     = @@character_set_client */;
/*!40101 SET character_set_client = utf8 */;
CREATE TABLE `forum_forum` (
  `id` int(11) NOT NULL AUTO_INCREMENT,
  `title` varchar(100) NOT NULL,
  `slug` varchar(50) NOT NULL,
  `parent_id` int(11) DEFAULT NULL,
  `description` longtext NOT NULL,
  `threads` int(11) NOT NULL,
  `posts` int(11) NOT NULL,
  `ordering` int(11) DEFAULT NULL,
  PRIMARY KEY (`id`),
  KEY `forum_forum_56ae2a2a` (`slug`),
  KEY `forum_forum_63f17a16` (`parent_id`)
) ENGINE=MyISAM DEFAULT CHARSET=utf8;
/*!40101 SET character_set_client = @saved_cs_client */;

--
-- Dumping data for table `forum_forum`
--

LOCK TABLES `forum_forum` WRITE;
/*!40000 ALTER TABLE `forum_forum` DISABLE KEYS */;
/*!40000 ALTER TABLE `forum_forum` ENABLE KEYS */;
UNLOCK TABLES;

--
-- Table structure for table `forum_forum_groups`
--

DROP TABLE IF EXISTS `forum_forum_groups`;
/*!40101 SET @saved_cs_client     = @@character_set_client */;
/*!40101 SET character_set_client = utf8 */;
CREATE TABLE `forum_forum_groups` (
  `id` int(11) NOT NULL AUTO_INCREMENT,
  `forum_id` int(11) NOT NULL,
  `group_id` int(11) NOT NULL,
  PRIMARY KEY (`id`),
  UNIQUE KEY `forum_id` (`forum_id`,`group_id`),
  KEY `forum_forum_groups_499a185a` (`forum_id`),
  KEY `forum_forum_groups_425ae3c4` (`group_id`)
) ENGINE=MyISAM DEFAULT CHARSET=utf8;
/*!40101 SET character_set_client = @saved_cs_client */;

--
-- Dumping data for table `forum_forum_groups`
--

LOCK TABLES `forum_forum_groups` WRITE;
/*!40000 ALTER TABLE `forum_forum_groups` DISABLE KEYS */;
/*!40000 ALTER TABLE `forum_forum_groups` ENABLE KEYS */;
UNLOCK TABLES;

--
-- Table structure for table `forum_post`
--

DROP TABLE IF EXISTS `forum_post`;
/*!40101 SET @saved_cs_client     = @@character_set_client */;
/*!40101 SET character_set_client = utf8 */;
CREATE TABLE `forum_post` (
  `id` int(11) NOT NULL AUTO_INCREMENT,
  `thread_id` int(11) NOT NULL,
  `author_id` int(11) NOT NULL,
  `body` longtext NOT NULL,
  `body_html` longtext NOT NULL,
  `time` datetime DEFAULT NULL,
  PRIMARY KEY (`id`),
  KEY `forum_post_65912a8a` (`thread_id`),
  KEY `forum_post_337b96ff` (`author_id`)
) ENGINE=MyISAM DEFAULT CHARSET=utf8;
/*!40101 SET character_set_client = @saved_cs_client */;

--
-- Dumping data for table `forum_post`
--

LOCK TABLES `forum_post` WRITE;
/*!40000 ALTER TABLE `forum_post` DISABLE KEYS */;
/*!40000 ALTER TABLE `forum_post` ENABLE KEYS */;
UNLOCK TABLES;

--
-- Table structure for table `forum_subscription`
--

DROP TABLE IF EXISTS `forum_subscription`;
/*!40101 SET @saved_cs_client     = @@character_set_client */;
/*!40101 SET character_set_client = utf8 */;
CREATE TABLE `forum_subscription` (
  `id` int(11) NOT NULL AUTO_INCREMENT,
  `author_id` int(11) NOT NULL,
  `thread_id` int(11) NOT NULL,
  PRIMARY KEY (`id`),
  UNIQUE KEY `author_id` (`author_id`,`thread_id`),
  KEY `forum_subscription_337b96ff` (`author_id`),
  KEY `forum_subscription_65912a8a` (`thread_id`)
) ENGINE=MyISAM DEFAULT CHARSET=utf8;
/*!40101 SET character_set_client = @saved_cs_client */;

--
-- Dumping data for table `forum_subscription`
--

LOCK TABLES `forum_subscription` WRITE;
/*!40000 ALTER TABLE `forum_subscription` DISABLE KEYS */;
/*!40000 ALTER TABLE `forum_subscription` ENABLE KEYS */;
UNLOCK TABLES;

--
-- Table structure for table `forum_thread`
--

DROP TABLE IF EXISTS `forum_thread`;
/*!40101 SET @saved_cs_client     = @@character_set_client */;
/*!40101 SET character_set_client = utf8 */;
CREATE TABLE `forum_thread` (
  `id` int(11) NOT NULL AUTO_INCREMENT,
  `forum_id` int(11) NOT NULL,
  `title` varchar(100) NOT NULL,
  `sticky` tinyint(1) NOT NULL,
  `closed` tinyint(1) NOT NULL,
  `posts` int(11) NOT NULL,
  `views` int(11) NOT NULL,
  `latest_post_time` datetime DEFAULT NULL,
  PRIMARY KEY (`id`),
  KEY `forum_thread_499a185a` (`forum_id`)
) ENGINE=MyISAM DEFAULT CHARSET=utf8;
/*!40101 SET character_set_client = @saved_cs_client */;

--
-- Dumping data for table `forum_thread`
--

LOCK TABLES `forum_thread` WRITE;
/*!40000 ALTER TABLE `forum_thread` DISABLE KEYS */;
/*!40000 ALTER TABLE `forum_thread` ENABLE KEYS */;
UNLOCK TABLES;

--
-- Table structure for table `players_curweek`
--

DROP TABLE IF EXISTS `players_curweek`;
/*!40101 SET @saved_cs_client     = @@character_set_client */;
/*!40101 SET character_set_client = utf8 */;
CREATE TABLE `players_curweek` (
  `id` int(11) NOT NULL AUTO_INCREMENT,
  `curweek` int(11) NOT NULL,
  PRIMARY KEY (`id`)
) ENGINE=MyISAM AUTO_INCREMENT=2 DEFAULT CHARSET=latin1;
/*!40101 SET character_set_client = @saved_cs_client */;

--
-- Dumping data for table `players_curweek`
--

LOCK TABLES `players_curweek` WRITE;
/*!40000 ALTER TABLE `players_curweek` DISABLE KEYS */;
INSERT INTO `players_curweek` VALUES (1,1);
/*!40000 ALTER TABLE `players_curweek` ENABLE KEYS */;
UNLOCK TABLES;

--
-- Table structure for table `players_draft`
--

DROP TABLE IF EXISTS `players_draft`;
/*!40101 SET @saved_cs_client     = @@character_set_client */;
/*!40101 SET character_set_client = utf8 */;
CREATE TABLE `players_draft` (
  `id` int(11) NOT NULL AUTO_INCREMENT,
  `league_id` int(11) NOT NULL,
  `cur_round` int(11) NOT NULL,
  PRIMARY KEY (`id`),
  KEY `players_draft_833cc455` (`league_id`)
) ENGINE=MyISAM AUTO_INCREMENT=2 DEFAULT CHARSET=latin1;
/*!40101 SET character_set_client = @saved_cs_client */;

--
-- Dumping data for table `players_draft`
--

LOCK TABLES `players_draft` WRITE;
/*!40000 ALTER TABLE `players_draft` DISABLE KEYS */;
INSERT INTO `players_draft` VALUES (1,2,8);
/*!40000 ALTER TABLE `players_draft` ENABLE KEYS */;
UNLOCK TABLES;

--
-- Table structure for table `players_draftorder`
--

DROP TABLE IF EXISTS `players_draftorder`;
/*!40101 SET @saved_cs_client     = @@character_set_client */;
/*!40101 SET character_set_client = utf8 */;
CREATE TABLE `players_draftorder` (
  `id` int(11) NOT NULL AUTO_INCREMENT,
  `draft_team_id` int(11) NOT NULL,
  `position` int(11) NOT NULL,
  PRIMARY KEY (`id`),
  KEY `players_draftorder_bae909f9` (`draft_team_id`)
) ENGINE=MyISAM AUTO_INCREMENT=11 DEFAULT CHARSET=latin1;
/*!40101 SET character_set_client = @saved_cs_client */;

--
-- Dumping data for table `players_draftorder`
--

LOCK TABLES `players_draftorder` WRITE;
/*!40000 ALTER TABLE `players_draftorder` DISABLE KEYS */;
INSERT INTO `players_draftorder` VALUES (1,1,8),(2,2,7),(3,3,3),(4,4,10),(5,5,9),(6,6,6),(7,7,2),(8,8,4),(9,9,1),(10,10,5);
/*!40000 ALTER TABLE `players_draftorder` ENABLE KEYS */;
UNLOCK TABLES;

--
-- Table structure for table `players_draftpick`
--

DROP TABLE IF EXISTS `players_draftpick`;
/*!40101 SET @saved_cs_client     = @@character_set_client */;
/*!40101 SET character_set_client = utf8 */;
CREATE TABLE `players_draftpick` (
  `id` int(11) NOT NULL AUTO_INCREMENT,
  `round` int(11) NOT NULL,
  `draft_team_id` int(11) NOT NULL,
  `player_id` int(11) NOT NULL,
  PRIMARY KEY (`id`),
  KEY `players_draftpick_bae909f9` (`draft_team_id`),
  KEY `players_draftpick_ea2d1965` (`player_id`)
) ENGINE=MyISAM AUTO_INCREMENT=71 DEFAULT CHARSET=latin1;
/*!40101 SET character_set_client = @saved_cs_client */;

--
-- Dumping data for table `players_draftpick`
--

LOCK TABLES `players_draftpick` WRITE;
/*!40000 ALTER TABLE `players_draftpick` DISABLE KEYS */;
INSERT INTO `players_draftpick` VALUES (1,1,1,1091),(2,1,2,1078),(3,1,3,1026),(4,1,4,1117),(5,1,5,1104),(6,1,6,1065),(7,1,7,1013),(8,1,8,1039),(9,1,9,1000),(10,1,10,1052),(11,2,1,1301),(12,2,2,1145),(13,2,3,1249),(14,2,4,1132),(15,2,5,1236),(16,2,6,1080),(17,2,7,1224),(18,2,8,1262),(19,2,9,1210),(20,2,10,1159),(21,3,1,1328),(22,3,2,1289),(23,3,3,1043),(24,3,4,1366),(25,3,5,1275),(26,3,6,1082),(27,3,7,1028),(28,3,8,1054),(29,3,9,1015),(30,3,10,1068),(31,4,1,1227),(32,4,2,1188),(33,4,3,1059),(34,4,4,1253),(35,4,5,1230),(36,4,6,1165),(37,4,7,1046),(38,4,8,1084),(39,4,9,1019),(40,4,10,1098),(41,5,1,1333),(42,5,2,1344),(43,5,3,1294),(44,5,4,1032),(45,5,5,1124),(46,5,6,1373),(47,5,7,1293),(48,5,8,1214),(49,5,9,1240),(50,5,10,1410),(51,6,1,1374),(52,6,2,1114),(53,6,3,1192),(54,6,4,1414),(55,6,5,1413),(56,6,6,1257),(57,6,7,1140),(58,6,8,1205),(59,6,9,1049),(60,6,10,1244),(61,7,1,1246),(62,7,2,1155),(63,7,3,1311),(64,7,4,1064),(65,7,5,1272),(66,7,6,1142),(67,7,7,1168),(68,7,8,1350),(69,7,9,1051),(70,7,10,1415);
/*!40000 ALTER TABLE `players_draftpick` ENABLE KEYS */;
UNLOCK TABLES;

--
-- Table structure for table `players_draftteam`
--

DROP TABLE IF EXISTS `players_draftteam`;
/*!40101 SET @saved_cs_client     = @@character_set_client */;
/*!40101 SET character_set_client = utf8 */;
CREATE TABLE `players_draftteam` (
  `id` int(11) NOT NULL AUTO_INCREMENT,
  `draft_id` int(11) NOT NULL,
  `team_id` int(11) NOT NULL,
  PRIMARY KEY (`id`),
  KEY `players_draftteam_a9d4a5d4` (`draft_id`),
  KEY `players_draftteam_fcf8ac47` (`team_id`)
) ENGINE=MyISAM AUTO_INCREMENT=11 DEFAULT CHARSET=latin1;
/*!40101 SET character_set_client = @saved_cs_client */;

--
-- Dumping data for table `players_draftteam`
--

LOCK TABLES `players_draftteam` WRITE;
/*!40000 ALTER TABLE `players_draftteam` DISABLE KEYS */;
INSERT INTO `players_draftteam` VALUES (1,1,33),(2,1,18),(3,1,19),(4,1,20),(5,1,21),(6,1,27),(7,1,28),(8,1,29),(9,1,30),(10,1,32);
/*!40000 ALTER TABLE `players_draftteam` ENABLE KEYS */;
UNLOCK TABLES;

--
-- Table structure for table `players_league`
--

DROP TABLE IF EXISTS `players_league`;
/*!40101 SET @saved_cs_client     = @@character_set_client */;
/*!40101 SET character_set_client = utf8 */;
CREATE TABLE `players_league` (
  `id` int(11) NOT NULL AUTO_INCREMENT,
  `lname` varchar(30) NOT NULL,
  `lslogan` varchar(200) DEFAULT NULL,
  `maxteam` int(11) NOT NULL,
  `active` varchar(1) NOT NULL,
  `invite_code` varchar(30) DEFAULT NULL,
  PRIMARY KEY (`id`)
) ENGINE=MyISAM AUTO_INCREMENT=5 DEFAULT CHARSET=latin1;
/*!40101 SET character_set_client = @saved_cs_client */;

--
-- Dumping data for table `players_league`
--

LOCK TABLES `players_league` WRITE;
/*!40000 ALTER TABLE `players_league` DISABLE KEYS */;
INSERT INTO `players_league` VALUES (2,'Test','Test data',10,'Y','1'),(4,'Public Test League','Get your game on',10,'Y',NULL);
/*!40000 ALTER TABLE `players_league` ENABLE KEYS */;
UNLOCK TABLES;

--
-- Table structure for table `players_matchup`
--

DROP TABLE IF EXISTS `players_matchup`;
/*!40101 SET @saved_cs_client     = @@character_set_client */;
/*!40101 SET character_set_client = utf8 */;
CREATE TABLE `players_matchup` (
  `id` int(11) NOT NULL AUTO_INCREMENT,
  `week` int(11) NOT NULL,
  `league_id` int(11) NOT NULL,
  `team_one_id` int(11) NOT NULL,
  `team_one_points` int(11) NOT NULL,
  `team_two_id` int(11) NOT NULL,
  `team_two_points` int(11) NOT NULL,
  `winner_id` int(11) DEFAULT NULL,
  PRIMARY KEY (`id`),
  KEY `players_matchup_833cc455` (`league_id`),
  KEY `players_matchup_68dce8c6` (`team_one_id`),
  KEY `players_matchup_ac7fa944` (`team_two_id`),
  KEY `players_matchup_a703c31d` (`winner_id`)
) ENGINE=MyISAM DEFAULT CHARSET=latin1;
/*!40101 SET character_set_client = @saved_cs_client */;

--
-- Dumping data for table `players_matchup`
--

LOCK TABLES `players_matchup` WRITE;
/*!40000 ALTER TABLE `players_matchup` DISABLE KEYS */;
/*!40000 ALTER TABLE `players_matchup` ENABLE KEYS */;
UNLOCK TABLES;

--
-- Table structure for table `players_player`
--

DROP TABLE IF EXISTS `players_player`;
/*!40101 SET @saved_cs_client     = @@character_set_client */;
/*!40101 SET character_set_client = utf8 */;
CREATE TABLE `players_player` (
  `id` int(11) NOT NULL AUTO_INCREMENT,
  `pos` varchar(3) NOT NULL,
  `player_name` varchar(45) NOT NULL,
  `pro_team_id` varchar(3) NOT NULL,
  `picture` varchar(2) NOT NULL,
  PRIMARY KEY (`id`),
  KEY `players_player_1b2dead7` (`pro_team_id`)
) ENGINE=MyISAM AUTO_INCREMENT=1364 DEFAULT CHARSET=latin1;
/*!40101 SET character_set_client = @saved_cs_client */;

--
-- Dumping data for table `players_player`
--

LOCK TABLES `players_player` WRITE;
/*!40000 ALTER TABLE `players_player` DISABLE KEYS */;
INSERT INTO `players_player` VALUES (1000,'QB1','Qb Bills','BUF','52'),(1001,'QB2','Frank Reich','BUF','22'),(1002,'RB1','Thurman Thomas','BUF','83'),(1003,'RB2','Jamie Mueller','BUF','51'),(1004,'RB3','Kenneth Davis','BUF','a5'),(1005,'RB4','Don Smith','BUF','8b'),(1006,'WR1','James Lofton','BUF','81'),(1007,'WR2','Andre Reed','BUF','b6'),(1008,'WR3','Don Beebe','BUF','40'),(1009,'WR4','Al Edwards','BUF','9a'),(1010,'TE1','Keith Mckeller','BUF','b7'),(1011,'TE2','Pete Metzelaars','BUF','50'),(1012,'K','Scott Norwood','BUF','29'),(1013,'QB1','Jeff George','IND','4'),(1014,'QB2','Jack Trudeau','IND','3'),(1015,'RB1','Ivy Joe Hunter','IND','c0'),(1016,'RB2','Albert Bentley','IND','96'),(1017,'RB3','Anthony Johnson','IND','92'),(1018,'RB4','Ken Clark','IND','c6'),(1019,'WR1','Bill Brooks','IND','ab'),(1020,'WR2','Jessie Hester','IND','a5'),(1021,'WR3','Clarence Verdin','IND','9f'),(1022,'WR4','Stanley Morgan','IND','bd'),(1023,'TE1','Pat Beach','IND','e'),(1024,'TE2','Orson Mobley','IND','ae'),(1025,'K','Dean Biasucci','IND','10'),(1026,'QB1','Dan Marino','MIA','6'),(1027,'QB2','Scott Mitchell','MIA','40'),(1028,'RB1','Sammie Smith','MIA','8d'),(1029,'RB2','Tony Paige','MIA','b4'),(1030,'RB3','Marc Logan','MIA','85'),(1031,'RB4','Troy Stradford','MIA','8e'),(1032,'WR1','Mark Clayton','MIA','d0'),(1033,'WR2','Mark Duper','MIA','84'),(1034,'WR3','Fred Banks','MIA','b3'),(1035,'WR4','Tony Martin','MIA','a2'),(1036,'TE1','Ferrell Edmunds','MIA','c0'),(1037,'TE2','Jim Jensen','MIA','5'),(1038,'K','Pete Stoyanovich','MIA','18'),(1039,'QB1','Steve Grogan','NE','7'),(1040,'QB2','Marc Wilson','NE','33'),(1041,'RB1','Marvin Allen','NE','92'),(1042,'RB2','John Stephens','NE','84'),(1043,'RB3','George Adams','NE','c3'),(1044,'RB4','Mosi Tatupu','NE','47'),(1045,'WR1','Irving Fryar','NE','aa'),(1046,'WR2','Hart Lee Dykes','NE','91'),(1047,'WR3','Greg Mcmurty','NE','8e'),(1048,'WR4','Sammy Martin','NE','36'),(1049,'TE1','Marv Cook','NE','21'),(1050,'TE2','Eric Sievers','NE','42'),(1051,'K','Jason Staurovsky','NE','2e'),(1052,'QB1','Ken O.Brien','JET','c'),(1053,'QB2','Tony Eason','JET','9'),(1054,'RB1','Blair Thomas','JET','aa'),(1055,'RB2','Freeman Mcneil','JET','ab'),(1056,'RB3','Brad Baxter','JET','90'),(1057,'RB4','Johnny Hector','JET','8b'),(1058,'WR1','Al Toon','JET','86'),(1059,'WR2','Rob Moore','JET','8d'),(1060,'WR3','Terance Mathis','JET','a1'),(1061,'WR4','Jojo Townsell','JET','b0'),(1062,'TE1','Mark Boyer','JET','42'),(1063,'TE2','Doug Wellsandt','JET','43'),(1064,'K','Pat Leahy','JET','36'),(1065,'QB1','Boomer Esiason','CIN','a'),(1066,'QB2','Erik Wilhelm','CIN','34'),(1067,'RB1','James Brooks','CIN','80'),(1068,'RB2','Ickey Woods','CIN','c5'),(1069,'RB3','Harold Green','CIN','a3'),(1070,'RB4','S. Jennings','CIN','ab'),(1071,'WR1','Tim Mcgee','CIN','91'),(1072,'WR2','Eddie Brown','CIN','c1'),(1073,'WR3','Kendal Smith','CIN','b0'),(1074,'WR4','Mike Barber','CIN','12'),(1075,'TE1','Rodney Holman','CIN','c9'),(1076,'TE2','Eric Kattus','CIN','18'),(1077,'K','Jim Breech','CIN','20'),(1078,'QB1','Qb Browns','CLE','52'),(1079,'QB2','Mike Pagel','CLE','46'),(1080,'RB1','Kevin Mack','CLE','c0'),(1081,'RB2','Eric Metcalf','CLE','8d'),(1082,'RB3','Leroy Hoard','CLE','88'),(1083,'RB4','Brent Fullwood','CLE','c7'),(1084,'WR1','W. Slaughter','CLE','a9'),(1085,'WR2','Reggie Langhorne','CLE','b8'),(1086,'WR3','Vernon Joines','CLE','c2'),(1087,'WR4','Brian Brennan','CLE','22'),(1088,'TE1','Ozzie Newsome','CLE','9f'),(1089,'TE2','John Talley','CLE','c6'),(1090,'K','Jerry Kauric','CLE','28'),(1091,'QB1','Warren Moon','HOU','8b'),(1092,'QB2','Cody Carlson','HOU','9'),(1093,'RB1','Lorenzo White','HOU','bf'),(1094,'RB2','Ernest Givins','HOU','89'),(1095,'RB3','Allen Pinkett','HOU','9c'),(1096,'RB4','Victor Jones','HOU','83'),(1097,'WR1','Haywood Jeffries','HOU','9b'),(1098,'WR2','Drew Hill','HOU','c7'),(1099,'WR3','Doug Lloyd','HOU','4f'),(1100,'WR4','Tony Jones','HOU','9a'),(1101,'TE1','Curtis Duncan','HOU','c4'),(1102,'TE2','Gerald Mcneil','HOU','c0'),(1103,'K','Tony Zendejas','HOU','2e'),(1104,'QB1','Bubby Brister','PIT','1d'),(1105,'QB2','Rick Strom','PIT','42'),(1106,'RB1','Merril Hoge','PIT','13'),(1107,'RB2','Warren Williams','PIT','c7'),(1108,'RB3','Tim Worley','PIT','a3'),(1109,'RB4','Richard Bell','PIT','c3'),(1110,'WR1','Louis Lipps','PIT','a5'),(1111,'WR2','Derek Hill','PIT','cd'),(1112,'WR3','Chris Calloway','PIT','9f'),(1113,'WR4','Dwight Stone','PIT','8b'),(1114,'TE1','Eric Green','PIT','c0'),(1115,'TE2','Mike Mularkey','PIT','36'),(1116,'K','Gary Anderson','PIT','15'),(1117,'QB1','John Elway','DEN','e'),(1118,'QB2','Gary Kubiak','DEN','17'),(1119,'RB1','Bobby Humphrey','DEN','8c'),(1120,'RB2','Steve Sewell','DEN','83'),(1121,'RB3','Sammy Winder','DEN','b2'),(1122,'RB4','Melvin Bratton','DEN','bc'),(1123,'WR1','Vance Johnson','DEN','9e'),(1124,'WR2','Mark Jackson','DEN','b0'),(1125,'WR3','Ricky Nattiel','DEN','8d'),(1126,'WR4','Michael Young','DEN','21'),(1127,'TE1','Clarence Kay','DEN','a1'),(1128,'TE2','Paul Green','DEN','2f'),(1129,'K','David Treadwell','DEN','2e'),(1130,'QB1','Steve De Berg','KC','f'),(1131,'QB2','Mike Elkins','KC','40'),(1132,'RB1','Christian Okoye','KC','88'),(1133,'RB2','Barry Word','KC','d2'),(1134,'RB3','Todd Mcnair','KC','a4'),(1135,'RB4','Bill Jones','KC','91'),(1136,'WR1','Robb Thomas','KC','33'),(1137,'WR2','Stephone Paige','KC','85'),(1138,'WR3','J.J. Birden','KC','9e'),(1139,'WR4','Emile Harry','KC','cb'),(1140,'TE1','Alfredo Roberts','KC','9c'),(1141,'TE2','Jonathan Hayes','KC','9b'),(1142,'K','Nick Lowery','KC','31'),(1143,'QB1','Jay Schroeder','RAI','11'),(1144,'QB2','Steve Beuerlein','RAI','10'),(1145,'RB1','Bo Jackson','RAI','9a'),(1146,'RB2','Marcus Allen','RAI','8b'),(1147,'RB3','Steve Smith','RAI','8d'),(1148,'RB4','Greg Bell','RAI','a6'),(1149,'WR1','Mervyn Fernandez','RAI','86'),(1150,'WR2','Willie Gault','RAI','84'),(1151,'WR3','Tim Brown','RAI','b0'),(1152,'WR4','Sam Graddy','RAI','cb'),(1153,'TE1','Ethan Horton','RAI','c0'),(1154,'TE2','Mike Dyal','RAI','1e'),(1155,'K','Jeff Jaeger','RAI','17'),(1156,'QB1','B.J. Tolliver','SD','13'),(1157,'QB2','Mark Vlasic','SD','31'),(1158,'RB1','Marion Butts','SD','90'),(1159,'RB2','Rod Bernstine','SD','82'),(1160,'RB3','Joe Caravello','SD','14'),(1161,'RB4','Ronnie Harmon','SD','bc'),(1162,'WR1','Quinn Early','SD','aa'),(1163,'WR2','Anthony Miller','SD','97'),(1164,'WR3','Nate Lewis','SD','b0'),(1165,'WR4','Wayne Walker','SD','89'),(1166,'TE1','Derrick Walker','SD','84'),(1167,'TE2','Arthur Cox','SD','a1'),(1168,'K','John Carney','SD','1e'),(1169,'QB1','Dave Krieg','SEA','17'),(1170,'QB2','Kelly Stouffer','SEA','12'),(1171,'RB1','John L. Williams','SEA','91'),(1172,'RB2','Derrick Fenner','SEA','92'),(1173,'RB3','James Jones','SEA','a2'),(1174,'RB4','Chris Warren','SEA','c1'),(1175,'WR1','Brian Blades','SEA','98'),(1176,'WR2','Tommy Kane','SEA','9b'),(1177,'WR3','Paul Skansi','SEA','3'),(1178,'WR4','Jeff Chadwick','SEA','34'),(1179,'TE1','Ron Heller','SEA','21'),(1180,'TE2','Travis Mcneal','SEA','a7'),(1181,'K','Norm Johnson','SEA','2a'),(1182,'QB1','Mark Rypien','WAS','21'),(1183,'QB2','Stan Humphries','WAS','1f'),(1184,'RB1','Earnest Byner','WAS','a2'),(1185,'RB2','Ricky Sanders','WAS','c5'),(1186,'RB3','Gerald Riggs','WAS','bf'),(1187,'RB4','Kelvin Bryant','WAS','ae'),(1188,'WR1','Art Monk','WAS','85'),(1189,'WR2','Gary Clark','WAS','c4'),(1190,'WR3','Brian Mitchell','WAS','c7'),(1191,'WR4','Joe Howard','WAS','c1'),(1192,'TE1','Don Warren','WAS','39'),(1193,'TE2','Jimmie Johnson','WAS','83'),(1194,'K','Chip Lohmiller','WAS','33'),(1195,'QB1','Phil Simms','GIA','34'),(1196,'QB2','Jeff Hostetler','GIA','19'),(1197,'RB1','Ottis Anderson','GIA','93'),(1198,'RB2','David Meggett','GIA','b0'),(1199,'RB3','Maurice Carthon','GIA','96'),(1200,'RB4','Rodney Hampton','GIA','b2'),(1201,'WR1','Mark Ingram','GIA','91'),(1202,'WR2','Stephen Baker','GIA','a3'),(1203,'WR3','Stacey Robinson','GIA','c9'),(1204,'WR4','Odessa Turner','GIA','c3'),(1205,'TE1','Mark Bavaro','GIA','1a'),(1206,'TE2','Howard Cross','GIA','b0'),(1207,'K','Matt Bahr','GIA','20'),(1208,'QB1','Qb Eagles','PHI','d4'),(1209,'QB2','Jim Mcmahon','PHI','1b'),(1210,'RB1','Keith Byars','PHI','8f'),(1211,'RB2','Heath Sherman','PHI','cd'),(1212,'RB3','Anthony Toney','PHI','c5'),(1213,'RB4','Robert Drummond','PHI','85'),(1214,'WR1','Fred Barnett','PHI','86'),(1215,'WR2','Calvin Williams','PHI','89'),(1216,'WR3','Mike Quick','PHI','9f'),(1217,'WR4','Kenny Jackson','PHI','9c'),(1218,'TE1','Keith Jackson','PHI','ce'),(1219,'TE2','Harper Le Bel','PHI','21'),(1220,'K','Roger Ruzek','PHI','17'),(1221,'QB1','Timm Rosenbach','PHX','3a'),(1222,'QB2','Tom Tupa','PHX','21'),(1223,'RB1','Johnny Johnson','PHX','3d'),(1224,'RB2','Roy Green','PHX','c7'),(1225,'RB3','Ron Wolfley','PHX','4f'),(1226,'RB4','Vai Sikahema','PHX','8a'),(1227,'WR1','Ricky Proehl','PHX','4e'),(1228,'WR2','Ernie Jones','PHX','a2'),(1229,'WR3','Anthony Thompson','PHX','a8'),(1230,'WR4','J.T. Smith','PHX','c9'),(1231,'TE1','Walter Reeves','PHX','c0'),(1232,'TE2','Tim Jorden','PHX','32'),(1233,'K','Al Del Greco','PHX','2f'),(1234,'QB1','Troy Aikman','DAL','16'),(1235,'QB2','Babe Laufenberg','DAL','5'),(1236,'RB1','Emmitt Smith','DAL','c6'),(1237,'RB2','Tommie Agee','DAL','c9'),(1238,'RB3','Alonzo Highsmith','DAL','9c'),(1239,'RB4','Robert Perryman','DAL','a3'),(1240,'WR1','Kelvin Martin','DAL','96'),(1241,'WR2','Michael Irvin','DAL','a1'),(1242,'WR3','Alexander Wright','DAL','aa'),(1243,'WR4','James Dixon','DAL','86'),(1244,'TE1','Jay Novacek','DAL','50'),(1245,'TE2','Rob Awalt','DAL','1e'),(1246,'K','Ken Willis','DAL','42'),(1247,'QB1','Jim Harbaugh','CHI','1d'),(1248,'QB2','Mike Tomczak','CHI','1f'),(1249,'RB1','Brad Muster','CHI','40'),(1250,'RB2','Neal Anderson','CHI','88'),(1251,'RB3','Mark Green','CHI','a1'),(1252,'RB4','Johnny Bailey','CHI','99'),(1253,'WR1','Ron Morris','CHI','b7'),(1254,'WR2','Wendell Davis','CHI','91'),(1255,'WR3','Glen Kozlowski','CHI','4c'),(1256,'WR4','Dennis Gentry','CHI','9c'),(1257,'TE1','James Thornton','CHI','21'),(1258,'TE2','Cap Boso','CHI','33'),(1259,'K','Kevin Butler','CHI','32'),(1260,'QB1','Rodney Peete','DET','ab'),(1261,'QB2','Andre Ware','DET','92'),(1262,'RB1','Barry Sanders','DET','9b'),(1263,'RB2','Aubrey Matthews','DET','ad'),(1264,'RB3','James Wilder','DET','98'),(1265,'RB4','Mel Gray','DET','86'),(1266,'WR1','Richard Johnson','DET','b8'),(1267,'WR2','Robert Clark','DET','a1'),(1268,'WR3','Willie Green','DET','cd'),(1269,'WR4','Jeff Campbell','DET','21'),(1270,'TE1','Terry Greer','DET','a4'),(1271,'TE2','Mike Farr','DET','d1'),(1272,'K','Eddie Murray','DET','2e'),(1273,'QB1','Don Majkowski','GB','3f'),(1274,'QB2','Anthony Dilweg','GB','8'),(1275,'RB1','Keith Woodside','GB','86'),(1276,'RB2','Michael Haddix','GB','98'),(1277,'RB3','Darrell Thompson','GB','9d'),(1278,'RB4','Herman Fontenot','GB','8b'),(1279,'WR1','Sterling Sharpe','GB','96'),(1280,'WR2','Perry Kemp','GB','82'),(1281,'WR3','Charles Wilson','GB','a4'),(1282,'WR4','Jeff Query','GB','39'),(1283,'TE1','Ed West','GB','c2'),(1284,'TE2','Jackie Harris','GB','9a'),(1285,'K','Chris Jacke','GB','23'),(1286,'QB1','Wade Wilson','MIN','21'),(1287,'QB2','Rich Gannon','MIN','22'),(1288,'RB1','Herschel Walker','MIN','80'),(1289,'RB2','Rick Fenney','MIN','2b'),(1290,'RB3','Jessie Clark','MIN','8b'),(1291,'RB4','Alfred Anderson','MIN','8d'),(1292,'WR1','Hassan Jones','MIN','c0'),(1293,'WR2','Anthony Carter','MIN','9f'),(1294,'WR3','Leo Lewis','MIN','c6'),(1295,'WR4','Cris Carter','MIN','8f'),(1296,'TE1','Steve Jordan','MIN','b7'),(1297,'TE2','Mike Jones','MIN','cd'),(1298,'K','Fuad Reveiz','MIN','13'),(1299,'QB1','Vinny Testaverde','TB','23'),(1300,'QB2','Jeff Carlson','TB','42'),(1301,'RB1','Gary Anderson','TB','cc'),(1302,'RB2','Reggie Cobb','TB','c7'),(1303,'RB3','Bruce Perkins','TB','80'),(1304,'RB4','John Harvey','TB','97'),(1305,'WR1','Mark Carrier','TB','b0'),(1306,'WR2','Bruce Hill','TB','9c'),(1307,'WR3','Danny Peebles','TB','85'),(1308,'WR4','Willie Drewrey','TB','b8'),(1309,'TE1','Ron Hall','TB','32'),(1310,'TE2','Jesse Anderson','TB','c0'),(1311,'K','Steve Christie','TB','11'),(1312,'QB1','Joe Montana','SF','1'),(1313,'QB2','Steve Young','SF','33'),(1314,'RB1','Roger Craig','SF','d0'),(1315,'RB2','Tom Rathman','SF','32'),(1316,'RB3','Dexter Carter','SF','97'),(1317,'RB4','Harry Sydney','SF','a0'),(1318,'WR1','John Taylor','SF','c9'),(1319,'WR2','Jerry Rice','SF','a3'),(1320,'WR3','Mike Wilson','SF','c0'),(1321,'WR4','Mike Sherrard','SF','85'),(1322,'TE1','Brent Jones','SF','43'),(1323,'TE2','Jamie Williams','SF','be'),(1324,'K','Mike Cofer','SF','21'),(1325,'QB1','Jim Everett','RAM','25'),(1326,'QB2','Chuck Long','RAM','15'),(1327,'RB1','Cleveland Gary','RAM','94'),(1328,'RB2','Curt Warner','RAM','83'),(1329,'RB3','Gaston Green','RAM','81'),(1330,'RB4','Buford Mcgee','RAM','8d'),(1331,'WR1','Henry Ellard','RAM','bd'),(1332,'WR2','Willie Anderson','RAM','8b'),(1333,'WR3','Derrick Faison','RAM','b8'),(1334,'WR4','Aaron Cox','RAM','8e'),(1335,'TE1','Pete Holohan','RAM','43'),(1336,'TE2','Damone Johnson','RAM','b0'),(1337,'K','Mike Lansford','RAM','47'),(1338,'QB1','Steve Walsh','NO','26'),(1339,'QB2','John Fourcade','NO','28'),(1340,'RB1','Craig Heyward','NO','b8'),(1341,'RB2','Dalton Hilliard','NO','c3'),(1342,'RB3','Rueben Mayes','NO','c1'),(1343,'RB4','Gil Fenerty','NO','34'),(1344,'WR1','Eric Martin','NO','cb'),(1345,'WR2','Brent Perriman','NO','c7'),(1346,'WR3','Lonzell Hill','NO','b7'),(1347,'WR4','Floyd Turner','NO','9a'),(1348,'TE1','Hoby Brenner','NO','46'),(1349,'TE2','John Tice','NO','13'),(1350,'K','Morten Andersen','NO','27'),(1351,'QB1','Chris Miller','ATL','33'),(1352,'QB2','Hugh Millen','ATL','28'),(1353,'RB1','Mike Rozier','ATL','c7'),(1354,'RB2','Michael Haynes','ATL','92'),(1355,'RB3','Steve Broussard','ATL','9f'),(1356,'RB4','Keith Jones','ATL','99'),(1357,'WR1','Floyd Dixon','ATL','8d'),(1358,'WR2','Andre Rison','ATL','d3'),(1359,'WR3','Tracy Johnson','ATL','c6'),(1360,'WR4','George Thomas','ATL','8f'),(1361,'TE1','Shawn Collins','ATL','86'),(1362,'TE2','Gary Wilkins','ATL','98'),(1363,'K','Greg Davis','ATL','21');
/*!40000 ALTER TABLE `players_player` ENABLE KEYS */;
UNLOCK TABLES;

--
-- Table structure for table `players_pro_team`
--

DROP TABLE IF EXISTS `players_pro_team`;
/*!40101 SET @saved_cs_client     = @@character_set_client */;
/*!40101 SET character_set_client = utf8 */;
CREATE TABLE `players_pro_team` (
  `short` varchar(3) NOT NULL,
  `long` varchar(45) NOT NULL,
  `bye` int(11) NOT NULL,
  `wins` int(11) NOT NULL,
  `loss` int(11) NOT NULL,
  `tie` int(11) NOT NULL,
  PRIMARY KEY (`short`)
) ENGINE=MyISAM DEFAULT CHARSET=latin1;
/*!40101 SET character_set_client = @saved_cs_client */;

--
-- Dumping data for table `players_pro_team`
--

LOCK TABLES `players_pro_team` WRITE;
/*!40000 ALTER TABLE `players_pro_team` DISABLE KEYS */;
INSERT INTO `players_pro_team` VALUES ('ARZ','Arizona Cardinals',0,0,0,0),('ATL','Atlanta Falcons',6,0,0,0),('BAL','Baltimore Ravens',0,0,0,0),('BUF','Buffalo Bills',9,0,0,0),('CAR','Carolina Panthers',0,0,0,0),('CHI','Chicago Bears',7,0,0,0),('CIN','Cincinnati Bengals',5,0,0,0),('CLE','Cleveland Browns',5,0,0,0),('DAL','Dallas Cowboys',8,0,0,0),('DEN','Denver Broncos',7,0,0,0),('DET','Detroit Lions',7,0,0,0),('GB','Green Bay Packers',7,0,0,0),('XXX','Houston Texans',0,0,0,0),('IND','Indianapolis Colts',9,0,0,0),('JAC','Jacksonville Jaguars',0,0,0,0),('KC','Kansas City Chiefs',10,0,0,0),('MIA','Miami Dolphins',9,0,0,0),('MIN','Minnesota Vikings',14,0,0,0),('NE','New England Patriots',7,0,0,0),('NO','New Orleans Saints',6,0,0,0),('GIA','New York Giants',8,0,0,0),('JET','New York Jets',9,0,0,0),('OAK','Oakland Raiders',0,0,0,0),('PHI','Philadelphia Eagles',8,0,0,0),('PIT','Pittsburgh Steelers',5,0,0,0),('SD','San Diego Chargers',10,0,0,0),('SEA','Seattle Seahawks',10,0,0,0),('SF','San Francisco 49ers',6,0,0,0),('STL','St. Louis Rams',0,0,0,0),('TB','Tampa Bay Buccaneers',7,0,0,0),('TEN','Tennessee Titans',0,0,0,0),('WAS','Washington Redskins',8,0,0,0),('RAI','Los Angeles Raiders',10,0,0,0),('RAM','Los Angeles Rams',6,0,0,0),('PHX','Phoenix Cardinals',14,0,0,0),('HOU','Houston Oilers',5,0,0,0);
/*!40000 ALTER TABLE `players_pro_team` ENABLE KEYS */;
UNLOCK TABLES;

--
-- Table structure for table `players_roster`
--

DROP TABLE IF EXISTS `players_roster`;
/*!40101 SET @saved_cs_client     = @@character_set_client */;
/*!40101 SET character_set_client = utf8 */;
CREATE TABLE `players_roster` (
  `id` int(11) NOT NULL AUTO_INCREMENT,
  `week` int(11) NOT NULL,
  `team_id` int(11) NOT NULL,
  `player_id` int(11) NOT NULL,
  PRIMARY KEY (`id`),
  KEY `players_roster_fcf8ac47` (`team_id`),
  KEY `players_roster_ea2d1965` (`player_id`)
) ENGINE=MyISAM DEFAULT CHARSET=latin1;
/*!40101 SET character_set_client = @saved_cs_client */;

--
-- Dumping data for table `players_roster`
--

LOCK TABLES `players_roster` WRITE;
/*!40000 ALTER TABLE `players_roster` DISABLE KEYS */;
/*!40000 ALTER TABLE `players_roster` ENABLE KEYS */;
UNLOCK TABLES;

--
-- Table structure for table `players_schedule`
--

DROP TABLE IF EXISTS `players_schedule`;
/*!40101 SET @saved_cs_client     = @@character_set_client */;
/*!40101 SET character_set_client = utf8 */;
CREATE TABLE `players_schedule` (
  `id` int(11) NOT NULL AUTO_INCREMENT,
  `away` varchar(3) NOT NULL,
  `awayscore` int(11) NOT NULL,
  `home` varchar(3) NOT NULL,
  `homescore` int(11) NOT NULL,
  `week` int(11) NOT NULL,
  PRIMARY KEY (`id`)
) ENGINE=MyISAM AUTO_INCREMENT=225 DEFAULT CHARSET=latin1;
/*!40101 SET character_set_client = @saved_cs_client */;

--
-- Dumping data for table `players_schedule`
--

LOCK TABLES `players_schedule` WRITE;
/*!40000 ALTER TABLE `players_schedule` DISABLE KEYS */;
INSERT INTO `players_schedule` VALUES (1,'BUF',0,'MIA',0,1),(2,'IND',0,'NE',0,1),(3,'JET',0,'TB',0,1),(4,'CIN',0,'DEN',0,1),(5,'CLE',0,'DAL',0,1),(6,'HOU',0,'RAI',0,1),(7,'PIT',0,'SD',0,1),(8,'KC',0,'ATL',0,1),(9,'SEA',0,'NO',0,1),(10,'WAS',0,'DET',0,1),(11,'GIA',0,'SF',0,1),(12,'PHI',0,'GB',0,1),(13,'CHI',0,'MIN',0,1),(14,'PHX',0,'RAM',0,1),(15,'BUF',0,'PIT',0,2),(16,'IND',0,'MIA',0,2),(17,'NE',0,'CLE',0,2),(18,'JET',0,'SEA',0,2),(19,'CIN',0,'HOU',0,2),(20,'DEN',0,'RAI',0,2),(21,'KC',0,'NO',0,2),(22,'SD',0,'SF',0,2),(23,'WAS',0,'DAL',0,2),(24,'GIA',0,'RAM',0,2),(25,'PHI',0,'PHX',0,2),(26,'CHI',0,'TB',0,2),(27,'DET',0,'GB',0,2),(28,'MIN',0,'ATL',0,2),(29,'BUF',0,'JET',0,3),(30,'IND',0,'RAI',0,3),(31,'NE',0,'PIT',0,3),(32,'MIA',0,'DET',0,3),(33,'CIN',0,'CLE',0,3),(34,'HOU',0,'KC',0,3),(35,'DEN',0,'SEA',0,3),(36,'SD',0,'ATL',0,3),(37,'WAS',0,'PHX',0,3),(38,'GIA',0,'CHI',0,3),(39,'PHI',0,'DAL',0,3),(40,'GB',0,'TB',0,3),(41,'MIN',0,'SF',0,3),(42,'RAM',0,'NO',0,3),(43,'BUF',0,'TB',0,4),(44,'IND',0,'DET',0,4),(45,'MIA',0,'GB',0,4),(46,'NE',0,'HOU',0,4),(47,'JET',0,'CHI',0,4),(48,'CIN',0,'WAS',0,4),(49,'CLE',0,'GIA',0,4),(50,'PIT',0,'PHI',0,4),(51,'DEN',0,'SD',0,4),(52,'KC',0,'SEA',0,4),(53,'PHX',0,'DAL',0,4),(54,'MIN',0,'NO',0,4),(55,'RAI',0,'ATL',0,4),(56,'SF',0,'RAM',0,4),(57,'BUF',0,'CHI',0,5),(58,'IND',0,'SEA',0,5),(59,'MIA',0,'JET',0,5),(60,'NE',0,'PHX',0,5),(61,'DEN',0,'MIN',0,5),(62,'KC',0,'SD',0,5),(63,'RAI',0,'SF',0,5),(64,'WAS',0,'PHI',0,5),(65,'GIA',0,'DAL',0,5),(66,'DET',0,'TB',0,5),(67,'GB',0,'RAM',0,5),(68,'NO',0,'ATL',0,5),(69,'BUF',0,'KC',0,6),(70,'IND',0,'PIT',0,6),(71,'MIA',0,'NE',0,6),(72,'JET',0,'CLE',0,6),(73,'CIN',0,'SEA',0,6),(74,'HOU',0,'DEN',0,6),(75,'RAI',0,'SD',0,6),(76,'WAS',0,'CHI',0,6),(77,'GIA',0,'PHX',0,6),(78,'PHI',0,'TB',0,6),(79,'DAL',0,'GB',0,6),(80,'DET',0,'MIN',0,6),(81,'BUF',0,'IND',0,7),(82,'MIA',0,'KC',0,7),(83,'JET',0,'HOU',0,7),(84,'CIN',0,'DAL',0,7),(85,'CLE',0,'WAS',0,7),(86,'PIT',0,'GIA',0,7),(87,'RAI',0,'SEA',0,7),(88,'SD',0,'RAM',0,7),(89,'PHI',0,'NO',0,7),(90,'PHX',0,'MIN',0,7),(91,'SF',0,'ATL',0,7),(92,'BUF',0,'CIN',0,8),(93,'IND',0,'JET',0,8),(94,'MIA',0,'HOU',0,8),(95,'NE',0,'MIN',0,8),(96,'CLE',0,'SD',0,8),(97,'PIT',0,'SEA',0,8),(98,'DEN',0,'KC',0,8),(99,'RAI',0,'RAM',0,8),(100,'PHX',0,'ATL',0,8),(101,'CHI',0,'GB',0,8),(102,'DET',0,'SF',0,8),(103,'TB',0,'NO',0,8),(104,'NE',0,'DEN',0,9),(105,'CIN',0,'HOU',0,9),(106,'CLE',0,'PIT',0,9),(107,'KC',0,'RAI',0,9),(108,'SD',0,'SEA',0,9),(109,'WAS',0,'GIA',0,9),(110,'PHI',0,'SF',0,9),(111,'PHX',0,'MIN',0,9),(112,'DAL',0,'DET',0,9),(113,'CHI',0,'NO',0,9),(114,'GB',0,'TB',0,9),(115,'RAM',0,'ATL',0,9),(116,'BUF',0,'NE',0,10),(117,'IND',0,'MIA',0,10),(118,'JET',0,'GB',0,10),(119,'CIN',0,'CLE',0,10),(120,'HOU',0,'WAS',0,10),(121,'PIT',0,'DEN',0,10),(122,'GIA',0,'PHI',0,10),(123,'PHX',0,'DAL',0,10),(124,'CHI',0,'DET',0,10),(125,'MIN',0,'TB',0,10),(126,'SF',0,'ATL',0,10),(127,'RAM',0,'NO',0,10),(128,'BUF',0,'GB',0,11),(129,'IND',0,'JET',0,11),(130,'MIA',0,'NE',0,11),(131,'CIN',0,'PIT',0,11),(132,'CLE',0,'PHI',0,11),(133,'HOU',0,'DAL',0,11),(134,'DEN',0,'RAI',0,11),(135,'KC',0,'RAM',0,11),(136,'SD',0,'SEA',0,11),(137,'WAS',0,'ATL',0,11),(138,'GIA',0,'PHX',0,11),(139,'SF',0,'NO',0,11),(140,'CHI',0,'MIN',0,11),(141,'DET',0,'TB',0,11),(142,'BUF',0,'MIA',0,12),(143,'IND',0,'CHI',0,12),(144,'NE',0,'JET',0,12),(145,'CIN',0,'PHI',0,12),(146,'CLE',0,'HOU',0,12),(147,'PIT',0,'WAS',0,12),(148,'DEN',0,'KC',0,12),(149,'RAI',0,'SEA',0,12),(150,'SD',0,'NO',0,12),(151,'GIA',0,'DAL',0,12),(152,'PHX',0,'SF',0,12),(153,'DET',0,'RAM',0,12),(154,'GB',0,'MIN',0,12),(155,'TB',0,'ATL',0,12),(156,'BUF',0,'NE',0,13),(157,'IND',0,'GB',0,13),(158,'MIA',0,'CHI',0,13),(159,'JET',0,'SD',0,13),(160,'CIN',0,'RAI',0,13),(161,'CLE',0,'KC',0,13),(162,'HOU',0,'PIT',0,13),(163,'DEN',0,'SEA',0,13),(164,'WAS',0,'DAL',0,13),(165,'GIA',0,'TB',0,13),(166,'PHI',0,'PHX',0,13),(167,'DET',0,'MIN',0,13),(168,'SF',0,'RAM',0,13),(169,'NO',0,'ATL',0,13),(170,'BUF',0,'JET',0,14),(171,'IND',0,'CLE',0,14),(172,'MIA',0,'TB',0,14),(173,'NE',0,'DEN',0,14),(174,'CIN',0,'GIA',0,14),(175,'HOU',0,'PHI',0,14),(176,'KC',0,'SEA',0,14),(177,'RAI',0,'SD',0,14),(178,'WAS',0,'RAM',0,14),(179,'PIT',0,'DAL',0,14),(180,'CHI',0,'DET',0,14),(181,'GB',0,'ATL',0,14),(182,'SF',0,'NO',0,14),(183,'BUF',0,'RAI',0,15),(184,'IND',0,'NE',0,15),(185,'MIA',0,'CIN',0,15),(186,'JET',0,'DET',0,15),(187,'CLE',0,'DEN',0,15),(188,'HOU',0,'PIT',0,15),(189,'KC',0,'SD',0,15),(190,'SEA',0,'SF',0,15),(191,'WAS',0,'PHX',0,15),(192,'GIA',0,'PHI',0,15),(193,'DAL',0,'NO',0,15),(194,'CHI',0,'GB',0,15),(195,'MIN',0,'TB',0,15),(196,'RAM',0,'ATL',0,15),(197,'BUF',0,'IND',0,16),(198,'MIA',0,'SD',0,16),(199,'NE',0,'JET',0,16),(200,'CIN',0,'PIT',0,16),(201,'CLE',0,'HOU',0,16),(202,'DEN',0,'PHX',0,16),(203,'KC',0,'SF',0,16),(204,'RAI',0,'NO',0,16),(205,'SEA',0,'ATL',0,16),(206,'WAS',0,'GIA',0,16),(207,'PHI',0,'DAL',0,16),(208,'CHI',0,'TB',0,16),(209,'DET',0,'GB',0,16),(210,'MIN',0,'RAM',0,16),(211,'BUF',0,'DET',0,17),(212,'IND',0,'TB',0,17),(213,'MIA',0,'JET',0,17),(214,'NE',0,'CIN',0,17),(215,'CLE',0,'PIT',0,17),(216,'HOU',0,'GIA',0,17),(217,'DEN',0,'SD',0,17),(218,'KC',0,'RAI',0,17),(219,'SEA',0,'RAM',0,17),(220,'WAS',0,'PHI',0,17),(221,'PHX',0,'NO',0,17),(222,'DAL',0,'ATL',0,17),(223,'CHI',0,'SF',0,17),(224,'MIN',0,'GB',0,17);
/*!40000 ALTER TABLE `players_schedule` ENABLE KEYS */;
UNLOCK TABLES;

--
-- Table structure for table `players_stats`
--

DROP TABLE IF EXISTS `players_stats`;
/*!40101 SET @saved_cs_client     = @@character_set_client */;
/*!40101 SET character_set_client = utf8 */;
CREATE TABLE `players_stats` (
  `player_id` int(11) NOT NULL,
  `week` int(11) NOT NULL,
  `pa` int(11) NOT NULL,
  `pc` int(11) NOT NULL,
  `pastd` int(11) NOT NULL,
  `intcp` int(11) NOT NULL,
  `pasyds` int(11) NOT NULL,
  `rec` int(11) NOT NULL,
  `recyds` int(11) NOT NULL,
  `rectd` int(11) NOT NULL,
  `krtd` int(11) NOT NULL,
  `prtd` int(11) NOT NULL,
  `rusat` int(11) NOT NULL,
  `rusyds` int(11) NOT NULL,
  `rustd` int(11) NOT NULL,
  `xpm` int(11) NOT NULL,
  `fgm` int(11) NOT NULL,
  `tm2` varchar(3) NOT NULL,
  `health` varchar(10) NOT NULL,
  `fanpts` int(11) NOT NULL,
  `guid` int(11) NOT NULL,
  PRIMARY KEY (`guid`),
  KEY `players_stats_ea2d1965` (`player_id`)
) ENGINE=MyISAM DEFAULT CHARSET=latin1;
/*!40101 SET character_set_client = @saved_cs_client */;

--
-- Dumping data for table `players_stats`
--

LOCK TABLES `players_stats` WRITE;
/*!40000 ALTER TABLE `players_stats` DISABLE KEYS */;
INSERT INTO `players_stats` VALUES (1351,6,0,0,0,0,0,0,0,0,0,0,0,0,0,0,0,'BYE','BYE',0,607022723),(1352,6,0,0,0,0,0,0,0,0,0,0,0,0,0,0,0,'BYE','BYE',0,607401483),(1353,6,0,0,0,0,0,0,0,0,0,0,0,0,0,0,0,'BYE','BYE',0,607755027),(1354,6,0,0,0,0,0,0,0,0,0,0,0,0,0,0,0,'BYE','BYE',0,603135066),(1355,6,0,0,0,0,0,0,0,0,0,0,0,0,0,0,0,'BYE','BYE',0,602292472),(1356,6,0,0,0,0,0,0,0,0,0,0,0,0,0,0,0,'BYE','BYE',0,60197589),(1357,6,0,0,0,0,0,0,0,0,0,0,0,0,0,0,0,'BYE','BYE',0,601279166),(1358,6,0,0,0,0,0,0,0,0,0,0,0,0,0,0,0,'BYE','BYE',0,605491477),(1359,6,0,0,0,0,0,0,0,0,0,0,0,0,0,0,0,'BYE','BYE',0,601976058),(1360,6,0,0,0,0,0,0,0,0,0,0,0,0,0,0,0,'BYE','BYE',0,603540247),(1361,6,0,0,0,0,0,0,0,0,0,0,0,0,0,0,0,'BYE','BYE',0,602285146),(1362,6,0,0,0,0,0,0,0,0,0,0,0,0,0,0,0,'BYE','BYE',0,605893403),(1363,6,0,0,0,0,0,0,0,0,0,0,0,0,0,0,0,'BYE','BYE',0,60340028),(1000,9,0,0,0,0,0,0,0,0,0,0,0,0,0,0,0,'BYE','BYE',0,904191853),(1001,9,0,0,0,0,0,0,0,0,0,0,0,0,0,0,0,'BYE','BYE',0,908131426),(1002,9,0,0,0,0,0,0,0,0,0,0,0,0,0,0,0,'BYE','BYE',0,903034862),(1003,9,0,0,0,0,0,0,0,0,0,0,0,0,0,0,0,'BYE','BYE',0,907556728),(1004,9,0,0,0,0,0,0,0,0,0,0,0,0,0,0,0,'BYE','BYE',0,908296555),(1005,9,0,0,0,0,0,0,0,0,0,0,0,0,0,0,0,'BYE','BYE',0,902630646),(1006,9,0,0,0,0,0,0,0,0,0,0,0,0,0,0,0,'BYE','BYE',0,901600870),(1007,9,0,0,0,0,0,0,0,0,0,0,0,0,0,0,0,'BYE','BYE',0,905128970),(1008,9,0,0,0,0,0,0,0,0,0,0,0,0,0,0,0,'BYE','BYE',0,907991318),(1009,9,0,0,0,0,0,0,0,0,0,0,0,0,0,0,0,'BYE','BYE',0,904755912),(1010,9,0,0,0,0,0,0,0,0,0,0,0,0,0,0,0,'BYE','BYE',0,905150987),(1011,9,0,0,0,0,0,0,0,0,0,0,0,0,0,0,0,'BYE','BYE',0,902363520),(1012,9,0,0,0,0,0,0,0,0,0,0,0,0,0,0,0,'BYE','BYE',0,903673169),(1247,7,0,0,0,0,0,0,0,0,0,0,0,0,0,0,0,'BYE','BYE',0,701238751),(1248,7,0,0,0,0,0,0,0,0,0,0,0,0,0,0,0,'BYE','BYE',0,707967568),(1249,7,0,0,0,0,0,0,0,0,0,0,0,0,0,0,0,'BYE','BYE',0,705555108),(1250,7,0,0,0,0,0,0,0,0,0,0,0,0,0,0,0,'BYE','BYE',0,701745326),(1251,7,0,0,0,0,0,0,0,0,0,0,0,0,0,0,0,'BYE','BYE',0,706313641),(1252,7,0,0,0,0,0,0,0,0,0,0,0,0,0,0,0,'BYE','BYE',0,706487056),(1253,7,0,0,0,0,0,0,0,0,0,0,0,0,0,0,0,'BYE','BYE',0,707972008),(1254,7,0,0,0,0,0,0,0,0,0,0,0,0,0,0,0,'BYE','BYE',0,701705418),(1255,7,0,0,0,0,0,0,0,0,0,0,0,0,0,0,0,'BYE','BYE',0,707062194),(1256,7,0,0,0,0,0,0,0,0,0,0,0,0,0,0,0,'BYE','BYE',0,705582025),(1257,7,0,0,0,0,0,0,0,0,0,0,0,0,0,0,0,'BYE','BYE',0,708766289),(1258,7,0,0,0,0,0,0,0,0,0,0,0,0,0,0,0,'BYE','BYE',0,705868739),(1259,7,0,0,0,0,0,0,0,0,0,0,0,0,0,0,0,'BYE','BYE',0,708572412),(1065,5,0,0,0,0,0,0,0,0,0,0,0,0,0,0,0,'BYE','BYE',0,505462566),(1066,5,0,0,0,0,0,0,0,0,0,0,0,0,0,0,0,'BYE','BYE',0,506928458),(1067,5,0,0,0,0,0,0,0,0,0,0,0,0,0,0,0,'BYE','BYE',0,50539683),(1068,5,0,0,0,0,0,0,0,0,0,0,0,0,0,0,0,'BYE','BYE',0,506013342),(1069,5,0,0,0,0,0,0,0,0,0,0,0,0,0,0,0,'BYE','BYE',0,507793489),(1070,5,0,0,0,0,0,0,0,0,0,0,0,0,0,0,0,'BYE','BYE',0,507240794),(1071,5,0,0,0,0,0,0,0,0,0,0,0,0,0,0,0,'BYE','BYE',0,505490933),(1072,5,0,0,0,0,0,0,0,0,0,0,0,0,0,0,0,'BYE','BYE',0,503124071),(1073,5,0,0,0,0,0,0,0,0,0,0,0,0,0,0,0,'BYE','BYE',0,509048098),(1074,5,0,0,0,0,0,0,0,0,0,0,0,0,0,0,0,'BYE','BYE',0,501283727),(1075,5,0,0,0,0,0,0,0,0,0,0,0,0,0,0,0,'BYE','BYE',0,507138805),(1076,5,0,0,0,0,0,0,0,0,0,0,0,0,0,0,0,'BYE','BYE',0,502078208),(1077,5,0,0,0,0,0,0,0,0,0,0,0,0,0,0,0,'BYE','BYE',0,508641850),(1078,5,0,0,0,0,0,0,0,0,0,0,0,0,0,0,0,'BYE','BYE',0,505366298),(1079,5,0,0,0,0,0,0,0,0,0,0,0,0,0,0,0,'BYE','BYE',0,501620836),(1080,5,0,0,0,0,0,0,0,0,0,0,0,0,0,0,0,'BYE','BYE',0,507217091),(1081,5,0,0,0,0,0,0,0,0,0,0,0,0,0,0,0,'BYE','BYE',0,504759921),(1082,5,0,0,0,0,0,0,0,0,0,0,0,0,0,0,0,'BYE','BYE',0,506005554),(1083,5,0,0,0,0,0,0,0,0,0,0,0,0,0,0,0,'BYE','BYE',0,501741427),(1084,5,0,0,0,0,0,0,0,0,0,0,0,0,0,0,0,'BYE','BYE',0,508615760),(1085,5,0,0,0,0,0,0,0,0,0,0,0,0,0,0,0,'BYE','BYE',0,507582888),(1086,5,0,0,0,0,0,0,0,0,0,0,0,0,0,0,0,'BYE','BYE',0,508644230),(1087,5,0,0,0,0,0,0,0,0,0,0,0,0,0,0,0,'BYE','BYE',0,506707017),(1088,5,0,0,0,0,0,0,0,0,0,0,0,0,0,0,0,'BYE','BYE',0,502505503),(1089,5,0,0,0,0,0,0,0,0,0,0,0,0,0,0,0,'BYE','BYE',0,505809005),(1090,5,0,0,0,0,0,0,0,0,0,0,0,0,0,0,0,'BYE','BYE',0,508163136),(1234,8,0,0,0,0,0,0,0,0,0,0,0,0,0,0,0,'BYE','BYE',0,805161557),(1235,8,0,0,0,0,0,0,0,0,0,0,0,0,0,0,0,'BYE','BYE',0,801260058),(1236,8,0,0,0,0,0,0,0,0,0,0,0,0,0,0,0,'BYE','BYE',0,805045232),(1237,8,0,0,0,0,0,0,0,0,0,0,0,0,0,0,0,'BYE','BYE',0,807382386),(1238,8,0,0,0,0,0,0,0,0,0,0,0,0,0,0,0,'BYE','BYE',0,807105240),(1239,8,0,0,0,0,0,0,0,0,0,0,0,0,0,0,0,'BYE','BYE',0,801255037),(1240,8,0,0,0,0,0,0,0,0,0,0,0,0,0,0,0,'BYE','BYE',0,808908484),(1241,8,0,0,0,0,0,0,0,0,0,0,0,0,0,0,0,'BYE','BYE',0,807644816),(1242,8,0,0,0,0,0,0,0,0,0,0,0,0,0,0,0,'BYE','BYE',0,804475788),(1243,8,0,0,0,0,0,0,0,0,0,0,0,0,0,0,0,'BYE','BYE',0,804875685),(1244,8,0,0,0,0,0,0,0,0,0,0,0,0,0,0,0,'BYE','BYE',0,807148922),(1245,8,0,0,0,0,0,0,0,0,0,0,0,0,0,0,0,'BYE','BYE',0,807437090),(1246,8,0,0,0,0,0,0,0,0,0,0,0,0,0,0,0,'BYE','BYE',0,808536600),(1117,7,0,0,0,0,0,0,0,0,0,0,0,0,0,0,0,'BYE','BYE',0,701154828),(1118,7,0,0,0,0,0,0,0,0,0,0,0,0,0,0,0,'BYE','BYE',0,701211716),(1119,7,0,0,0,0,0,0,0,0,0,0,0,0,0,0,0,'BYE','BYE',0,703148442),(1120,7,0,0,0,0,0,0,0,0,0,0,0,0,0,0,0,'BYE','BYE',0,707004152),(1121,7,0,0,0,0,0,0,0,0,0,0,0,0,0,0,0,'BYE','BYE',0,707044825),(1122,7,0,0,0,0,0,0,0,0,0,0,0,0,0,0,0,'BYE','BYE',0,707229045),(1123,7,0,0,0,0,0,0,0,0,0,0,0,0,0,0,0,'BYE','BYE',0,706595475),(1124,7,0,0,0,0,0,0,0,0,0,0,0,0,0,0,0,'BYE','BYE',0,706506629),(1125,7,0,0,0,0,0,0,0,0,0,0,0,0,0,0,0,'BYE','BYE',0,705134799),(1126,7,0,0,0,0,0,0,0,0,0,0,0,0,0,0,0,'BYE','BYE',0,702664892),(1127,7,0,0,0,0,0,0,0,0,0,0,0,0,0,0,0,'BYE','BYE',0,704102549),(1128,7,0,0,0,0,0,0,0,0,0,0,0,0,0,0,0,'BYE','BYE',0,702260074),(1129,7,0,0,0,0,0,0,0,0,0,0,0,0,0,0,0,'BYE','BYE',0,708315343),(1260,7,0,0,0,0,0,0,0,0,0,0,0,0,0,0,0,'BYE','BYE',0,7036176),(1261,7,0,0,0,0,0,0,0,0,0,0,0,0,0,0,0,'BYE','BYE',0,708108635),(1262,7,0,0,0,0,0,0,0,0,0,0,0,0,0,0,0,'BYE','BYE',0,704673374),(1263,7,0,0,0,0,0,0,0,0,0,0,0,0,0,0,0,'BYE','BYE',0,70476474),(1264,7,0,0,0,0,0,0,0,0,0,0,0,0,0,0,0,'BYE','BYE',0,705510558),(1265,7,0,0,0,0,0,0,0,0,0,0,0,0,0,0,0,'BYE','BYE',0,704163013),(1266,7,0,0,0,0,0,0,0,0,0,0,0,0,0,0,0,'BYE','BYE',0,70260938),(1267,7,0,0,0,0,0,0,0,0,0,0,0,0,0,0,0,'BYE','BYE',0,704367687),(1268,7,0,0,0,0,0,0,0,0,0,0,0,0,0,0,0,'BYE','BYE',0,702862619),(1269,7,0,0,0,0,0,0,0,0,0,0,0,0,0,0,0,'BYE','BYE',0,705086832),(1270,7,0,0,0,0,0,0,0,0,0,0,0,0,0,0,0,'BYE','BYE',0,708202273),(1271,7,0,0,0,0,0,0,0,0,0,0,0,0,0,0,0,'BYE','BYE',0,705919350),(1272,7,0,0,0,0,0,0,0,0,0,0,0,0,0,0,0,'BYE','BYE',0,702820821),(1273,7,0,0,0,0,0,0,0,0,0,0,0,0,0,0,0,'BYE','BYE',0,707411425),(1274,7,0,0,0,0,0,0,0,0,0,0,0,0,0,0,0,'BYE','BYE',0,707294240),(1275,7,0,0,0,0,0,0,0,0,0,0,0,0,0,0,0,'BYE','BYE',0,708982829),(1276,7,0,0,0,0,0,0,0,0,0,0,0,0,0,0,0,'BYE','BYE',0,702186119),(1277,7,0,0,0,0,0,0,0,0,0,0,0,0,0,0,0,'BYE','BYE',0,702146421),(1278,7,0,0,0,0,0,0,0,0,0,0,0,0,0,0,0,'BYE','BYE',0,706448855),(1279,7,0,0,0,0,0,0,0,0,0,0,0,0,0,0,0,'BYE','BYE',0,707986305),(1280,7,0,0,0,0,0,0,0,0,0,0,0,0,0,0,0,'BYE','BYE',0,705576230),(1281,7,0,0,0,0,0,0,0,0,0,0,0,0,0,0,0,'BYE','BYE',0,70833080),(1282,7,0,0,0,0,0,0,0,0,0,0,0,0,0,0,0,'BYE','BYE',0,70291130),(1283,7,0,0,0,0,0,0,0,0,0,0,0,0,0,0,0,'BYE','BYE',0,703400806),(1284,7,0,0,0,0,0,0,0,0,0,0,0,0,0,0,0,'BYE','BYE',0,701021539),(1285,7,0,0,0,0,0,0,0,0,0,0,0,0,0,0,0,'BYE','BYE',0,702636816),(1013,9,0,0,0,0,0,0,0,0,0,0,0,0,0,0,0,'BYE','BYE',0,907255444),(1014,9,0,0,0,0,0,0,0,0,0,0,0,0,0,0,0,'BYE','BYE',0,902252638),(1015,9,0,0,0,0,0,0,0,0,0,0,0,0,0,0,0,'BYE','BYE',0,90720626),(1016,9,0,0,0,0,0,0,0,0,0,0,0,0,0,0,0,'BYE','BYE',0,907943591),(1017,9,0,0,0,0,0,0,0,0,0,0,0,0,0,0,0,'BYE','BYE',0,905674705),(1018,9,0,0,0,0,0,0,0,0,0,0,0,0,0,0,0,'BYE','BYE',0,904067093),(1019,9,0,0,0,0,0,0,0,0,0,0,0,0,0,0,0,'BYE','BYE',0,904748042),(1020,9,0,0,0,0,0,0,0,0,0,0,0,0,0,0,0,'BYE','BYE',0,905483247),(1021,9,0,0,0,0,0,0,0,0,0,0,0,0,0,0,0,'BYE','BYE',0,902343068),(1022,9,0,0,0,0,0,0,0,0,0,0,0,0,0,0,0,'BYE','BYE',0,903861823),(1023,9,0,0,0,0,0,0,0,0,0,0,0,0,0,0,0,'BYE','BYE',0,905327648),(1024,9,0,0,0,0,0,0,0,0,0,0,0,0,0,0,0,'BYE','BYE',0,907283467),(1025,9,0,0,0,0,0,0,0,0,0,0,0,0,0,0,0,'BYE','BYE',0,904129723),(1130,10,0,0,0,0,0,0,0,0,0,0,0,0,0,0,0,'BYE','BYE',0,1005353311),(1131,10,0,0,0,0,0,0,0,0,0,0,0,0,0,0,0,'BYE','BYE',0,1008707004),(1132,10,0,0,0,0,0,0,0,0,0,0,0,0,0,0,0,'BYE','BYE',0,1008464581),(1133,10,0,0,0,0,0,0,0,0,0,0,0,0,0,0,0,'BYE','BYE',0,1002175822),(1134,10,0,0,0,0,0,0,0,0,0,0,0,0,0,0,0,'BYE','BYE',0,1005212850),(1135,10,0,0,0,0,0,0,0,0,0,0,0,0,0,0,0,'BYE','BYE',0,100180764),(1136,10,0,0,0,0,0,0,0,0,0,0,0,0,0,0,0,'BYE','BYE',0,1003154125),(1137,10,0,0,0,0,0,0,0,0,0,0,0,0,0,0,0,'BYE','BYE',0,1003897515),(1138,10,0,0,0,0,0,0,0,0,0,0,0,0,0,0,0,'BYE','BYE',0,10030224),(1139,10,0,0,0,0,0,0,0,0,0,0,0,0,0,0,0,'BYE','BYE',0,1008461388),(1140,10,0,0,0,0,0,0,0,0,0,0,0,0,0,0,0,'BYE','BYE',0,1007602644),(1141,10,0,0,0,0,0,0,0,0,0,0,0,0,0,0,0,'BYE','BYE',0,1006569909),(1142,10,0,0,0,0,0,0,0,0,0,0,0,0,0,0,0,'BYE','BYE',0,1004617636),(1026,9,0,0,0,0,0,0,0,0,0,0,0,0,0,0,0,'BYE','BYE',0,901351859),(1027,9,0,0,0,0,0,0,0,0,0,0,0,0,0,0,0,'BYE','BYE',0,906370554),(1028,9,0,0,0,0,0,0,0,0,0,0,0,0,0,0,0,'BYE','BYE',0,904808292),(1029,9,0,0,0,0,0,0,0,0,0,0,0,0,0,0,0,'BYE','BYE',0,908977077),(1030,9,0,0,0,0,0,0,0,0,0,0,0,0,0,0,0,'BYE','BYE',0,907504812),(1031,9,0,0,0,0,0,0,0,0,0,0,0,0,0,0,0,'BYE','BYE',0,901848950),(1032,9,0,0,0,0,0,0,0,0,0,0,0,0,0,0,0,'BYE','BYE',0,90376742),(1033,9,0,0,0,0,0,0,0,0,0,0,0,0,0,0,0,'BYE','BYE',0,908241113),(1034,9,0,0,0,0,0,0,0,0,0,0,0,0,0,0,0,'BYE','BYE',0,906774172),(1035,9,0,0,0,0,0,0,0,0,0,0,0,0,0,0,0,'BYE','BYE',0,902777250),(1036,9,0,0,0,0,0,0,0,0,0,0,0,0,0,0,0,'BYE','BYE',0,902101393),(1037,9,0,0,0,0,0,0,0,0,0,0,0,0,0,0,0,'BYE','BYE',0,903155138),(1038,9,0,0,0,0,0,0,0,0,0,0,0,0,0,0,0,'BYE','BYE',0,904914805),(1286,14,0,0,0,0,0,0,0,0,0,0,0,0,0,0,0,'BYE','BYE',0,1409119951),(1287,14,0,0,0,0,0,0,0,0,0,0,0,0,0,0,0,'BYE','BYE',0,1402701385),(1288,14,0,0,0,0,0,0,0,0,0,0,0,0,0,0,0,'BYE','BYE',0,1407520901),(1289,14,0,0,0,0,0,0,0,0,0,0,0,0,0,0,0,'BYE','BYE',0,1402883859),(1290,14,0,0,0,0,0,0,0,0,0,0,0,0,0,0,0,'BYE','BYE',0,1402759797),(1291,14,0,0,0,0,0,0,0,0,0,0,0,0,0,0,0,'BYE','BYE',0,1407134867),(1292,14,0,0,0,0,0,0,0,0,0,0,0,0,0,0,0,'BYE','BYE',0,1406961940),(1293,14,0,0,0,0,0,0,0,0,0,0,0,0,0,0,0,'BYE','BYE',0,1404663033),(1294,14,0,0,0,0,0,0,0,0,0,0,0,0,0,0,0,'BYE','BYE',0,1406708744),(1295,14,0,0,0,0,0,0,0,0,0,0,0,0,0,0,0,'BYE','BYE',0,1403314457),(1296,14,0,0,0,0,0,0,0,0,0,0,0,0,0,0,0,'BYE','BYE',0,1405319660),(1297,14,0,0,0,0,0,0,0,0,0,0,0,0,0,0,0,'BYE','BYE',0,1408629658),(1298,14,0,0,0,0,0,0,0,0,0,0,0,0,0,0,0,'BYE','BYE',0,1403591178),(1039,7,0,0,0,0,0,0,0,0,0,0,0,0,0,0,0,'BYE','BYE',0,701259693),(1040,7,0,0,0,0,0,0,0,0,0,0,0,0,0,0,0,'BYE','BYE',0,702139188),(1041,7,0,0,0,0,0,0,0,0,0,0,0,0,0,0,0,'BYE','BYE',0,703211405),(1042,7,0,0,0,0,0,0,0,0,0,0,0,0,0,0,0,'BYE','BYE',0,704339644),(1043,7,0,0,0,0,0,0,0,0,0,0,0,0,0,0,0,'BYE','BYE',0,707639994),(1044,7,0,0,0,0,0,0,0,0,0,0,0,0,0,0,0,'BYE','BYE',0,703009599),(1045,7,0,0,0,0,0,0,0,0,0,0,0,0,0,0,0,'BYE','BYE',0,705014060),(1046,7,0,0,0,0,0,0,0,0,0,0,0,0,0,0,0,'BYE','BYE',0,70542672),(1047,7,0,0,0,0,0,0,0,0,0,0,0,0,0,0,0,'BYE','BYE',0,70312474),(1048,7,0,0,0,0,0,0,0,0,0,0,0,0,0,0,0,'BYE','BYE',0,703096961),(1049,7,0,0,0,0,0,0,0,0,0,0,0,0,0,0,0,'BYE','BYE',0,703462569),(1050,7,0,0,0,0,0,0,0,0,0,0,0,0,0,0,0,'BYE','BYE',0,708387366),(1051,7,0,0,0,0,0,0,0,0,0,0,0,0,0,0,0,'BYE','BYE',0,706676059),(1338,6,0,0,0,0,0,0,0,0,0,0,0,0,0,0,0,'BYE','BYE',0,607509187),(1339,6,0,0,0,0,0,0,0,0,0,0,0,0,0,0,0,'BYE','BYE',0,606038560),(1340,6,0,0,0,0,0,0,0,0,0,0,0,0,0,0,0,'BYE','BYE',0,603619346),(1341,6,0,0,0,0,0,0,0,0,0,0,0,0,0,0,0,'BYE','BYE',0,606801312),(1342,6,0,0,0,0,0,0,0,0,0,0,0,0,0,0,0,'BYE','BYE',0,603823184),(1343,6,0,0,0,0,0,0,0,0,0,0,0,0,0,0,0,'BYE','BYE',0,60412236),(1344,6,0,0,0,0,0,0,0,0,0,0,0,0,0,0,0,'BYE','BYE',0,605461455),(1345,6,0,0,0,0,0,0,0,0,0,0,0,0,0,0,0,'BYE','BYE',0,605713352),(1346,6,0,0,0,0,0,0,0,0,0,0,0,0,0,0,0,'BYE','BYE',0,604327757),(1347,6,0,0,0,0,0,0,0,0,0,0,0,0,0,0,0,'BYE','BYE',0,601125137),(1348,6,0,0,0,0,0,0,0,0,0,0,0,0,0,0,0,'BYE','BYE',0,602162310),(1349,6,0,0,0,0,0,0,0,0,0,0,0,0,0,0,0,'BYE','BYE',0,60773155),(1350,6,0,0,0,0,0,0,0,0,0,0,0,0,0,0,0,'BYE','BYE',0,608719664),(1195,8,0,0,0,0,0,0,0,0,0,0,0,0,0,0,0,'BYE','BYE',0,808534596),(1196,8,0,0,0,0,0,0,0,0,0,0,0,0,0,0,0,'BYE','BYE',0,8087017),(1197,8,0,0,0,0,0,0,0,0,0,0,0,0,0,0,0,'BYE','BYE',0,801509082),(1198,8,0,0,0,0,0,0,0,0,0,0,0,0,0,0,0,'BYE','BYE',0,804479795),(1199,8,0,0,0,0,0,0,0,0,0,0,0,0,0,0,0,'BYE','BYE',0,807477513),(1200,8,0,0,0,0,0,0,0,0,0,0,0,0,0,0,0,'BYE','BYE',0,806779210),(1201,8,0,0,0,0,0,0,0,0,0,0,0,0,0,0,0,'BYE','BYE',0,805915335),(1202,8,0,0,0,0,0,0,0,0,0,0,0,0,0,0,0,'BYE','BYE',0,808370285),(1203,8,0,0,0,0,0,0,0,0,0,0,0,0,0,0,0,'BYE','BYE',0,808595639),(1204,8,0,0,0,0,0,0,0,0,0,0,0,0,0,0,0,'BYE','BYE',0,802075457),(1205,8,0,0,0,0,0,0,0,0,0,0,0,0,0,0,0,'BYE','BYE',0,801132057),(1206,8,0,0,0,0,0,0,0,0,0,0,0,0,0,0,0,'BYE','BYE',0,803651043),(1207,8,0,0,0,0,0,0,0,0,0,0,0,0,0,0,0,'BYE','BYE',0,807911447),(1052,9,0,0,0,0,0,0,0,0,0,0,0,0,0,0,0,'BYE','BYE',0,907114642),(1053,9,0,0,0,0,0,0,0,0,0,0,0,0,0,0,0,'BYE','BYE',0,905502760),(1054,9,0,0,0,0,0,0,0,0,0,0,0,0,0,0,0,'BYE','BYE',0,905955193),(1055,9,0,0,0,0,0,0,0,0,0,0,0,0,0,0,0,'BYE','BYE',0,908665035),(1056,9,0,0,0,0,0,0,0,0,0,0,0,0,0,0,0,'BYE','BYE',0,908955098),(1057,9,0,0,0,0,0,0,0,0,0,0,0,0,0,0,0,'BYE','BYE',0,902978965),(1058,9,0,0,0,0,0,0,0,0,0,0,0,0,0,0,0,'BYE','BYE',0,902466715),(1059,9,0,0,0,0,0,0,0,0,0,0,0,0,0,0,0,'BYE','BYE',0,903422786),(1060,9,0,0,0,0,0,0,0,0,0,0,0,0,0,0,0,'BYE','BYE',0,902442281),(1061,9,0,0,0,0,0,0,0,0,0,0,0,0,0,0,0,'BYE','BYE',0,906015436),(1062,9,0,0,0,0,0,0,0,0,0,0,0,0,0,0,0,'BYE','BYE',0,902503136),(1063,9,0,0,0,0,0,0,0,0,0,0,0,0,0,0,0,'BYE','BYE',0,908548778),(1064,9,0,0,0,0,0,0,0,0,0,0,0,0,0,0,0,'BYE','BYE',0,903124199),(1208,8,0,0,0,0,0,0,0,0,0,0,0,0,0,0,0,'BYE','BYE',0,801669814),(1209,8,0,0,0,0,0,0,0,0,0,0,0,0,0,0,0,'BYE','BYE',0,806217448),(1210,8,0,0,0,0,0,0,0,0,0,0,0,0,0,0,0,'BYE','BYE',0,806751003),(1211,8,0,0,0,0,0,0,0,0,0,0,0,0,0,0,0,'BYE','BYE',0,808003754),(1212,8,0,0,0,0,0,0,0,0,0,0,0,0,0,0,0,'BYE','BYE',0,80215312),(1213,8,0,0,0,0,0,0,0,0,0,0,0,0,0,0,0,'BYE','BYE',0,80825036),(1214,8,0,0,0,0,0,0,0,0,0,0,0,0,0,0,0,'BYE','BYE',0,807612559),(1215,8,0,0,0,0,0,0,0,0,0,0,0,0,0,0,0,'BYE','BYE',0,806302301),(1216,8,0,0,0,0,0,0,0,0,0,0,0,0,0,0,0,'BYE','BYE',0,80982660),(1217,8,0,0,0,0,0,0,0,0,0,0,0,0,0,0,0,'BYE','BYE',0,804281255),(1218,8,0,0,0,0,0,0,0,0,0,0,0,0,0,0,0,'BYE','BYE',0,80176967),(1219,8,0,0,0,0,0,0,0,0,0,0,0,0,0,0,0,'BYE','BYE',0,802162293),(1220,8,0,0,0,0,0,0,0,0,0,0,0,0,0,0,0,'BYE','BYE',0,801638879),(1104,5,0,0,0,0,0,0,0,0,0,0,0,0,0,0,0,'BYE','BYE',0,508850492),(1105,5,0,0,0,0,0,0,0,0,0,0,0,0,0,0,0,'BYE','BYE',0,505861702),(1106,5,0,0,0,0,0,0,0,0,0,0,0,0,0,0,0,'BYE','BYE',0,50392520),(1107,5,0,0,0,0,0,0,0,0,0,0,0,0,0,0,0,'BYE','BYE',0,504509862),(1108,5,0,0,0,0,0,0,0,0,0,0,0,0,0,0,0,'BYE','BYE',0,504875528),(1109,5,0,0,0,0,0,0,0,0,0,0,0,0,0,0,0,'BYE','BYE',0,506086270),(1110,5,0,0,0,0,0,0,0,0,0,0,0,0,0,0,0,'BYE','BYE',0,505629149),(1111,5,0,0,0,0,0,0,0,0,0,0,0,0,0,0,0,'BYE','BYE',0,503715141),(1112,5,0,0,0,0,0,0,0,0,0,0,0,0,0,0,0,'BYE','BYE',0,507970390),(1113,5,0,0,0,0,0,0,0,0,0,0,0,0,0,0,0,'BYE','BYE',0,504360748),(1114,5,0,0,0,0,0,0,0,0,0,0,0,0,0,0,0,'BYE','BYE',0,504904948),(1115,5,0,0,0,0,0,0,0,0,0,0,0,0,0,0,0,'BYE','BYE',0,505294139),(1116,5,0,0,0,0,0,0,0,0,0,0,0,0,0,0,0,'BYE','BYE',0,502533591),(1156,10,0,0,0,0,0,0,0,0,0,0,0,0,0,0,0,'BYE','BYE',0,1001569810),(1157,10,0,0,0,0,0,0,0,0,0,0,0,0,0,0,0,'BYE','BYE',0,1001853633),(1158,10,0,0,0,0,0,0,0,0,0,0,0,0,0,0,0,'BYE','BYE',0,1008670615),(1159,10,0,0,0,0,0,0,0,0,0,0,0,0,0,0,0,'BYE','BYE',0,1003282210),(1160,10,0,0,0,0,0,0,0,0,0,0,0,0,0,0,0,'BYE','BYE',0,1003165299),(1161,10,0,0,0,0,0,0,0,0,0,0,0,0,0,0,0,'BYE','BYE',0,1007619783),(1162,10,0,0,0,0,0,0,0,0,0,0,0,0,0,0,0,'BYE','BYE',0,1006863809),(1163,10,0,0,0,0,0,0,0,0,0,0,0,0,0,0,0,'BYE','BYE',0,1008733765),(1164,10,0,0,0,0,0,0,0,0,0,0,0,0,0,0,0,'BYE','BYE',0,1004244015),(1165,10,0,0,0,0,0,0,0,0,0,0,0,0,0,0,0,'BYE','BYE',0,1002928536),(1166,10,0,0,0,0,0,0,0,0,0,0,0,0,0,0,0,'BYE','BYE',0,1008206778),(1167,10,0,0,0,0,0,0,0,0,0,0,0,0,0,0,0,'BYE','BYE',0,1008130473),(1168,10,0,0,0,0,0,0,0,0,0,0,0,0,0,0,0,'BYE','BYE',0,1003492474),(1169,10,0,0,0,0,0,0,0,0,0,0,0,0,0,0,0,'BYE','BYE',0,1002323276),(1170,10,0,0,0,0,0,0,0,0,0,0,0,0,0,0,0,'BYE','BYE',0,1003292942),(1171,10,0,0,0,0,0,0,0,0,0,0,0,0,0,0,0,'BYE','BYE',0,1003541555),(1172,10,0,0,0,0,0,0,0,0,0,0,0,0,0,0,0,'BYE','BYE',0,1002914531),(1173,10,0,0,0,0,0,0,0,0,0,0,0,0,0,0,0,'BYE','BYE',0,1001364997),(1174,10,0,0,0,0,0,0,0,0,0,0,0,0,0,0,0,'BYE','BYE',0,1003118034),(1175,10,0,0,0,0,0,0,0,0,0,0,0,0,0,0,0,'BYE','BYE',0,1002298444),(1176,10,0,0,0,0,0,0,0,0,0,0,0,0,0,0,0,'BYE','BYE',0,1003424082),(1177,10,0,0,0,0,0,0,0,0,0,0,0,0,0,0,0,'BYE','BYE',0,1006542577),(1178,10,0,0,0,0,0,0,0,0,0,0,0,0,0,0,0,'BYE','BYE',0,1005544412),(1179,10,0,0,0,0,0,0,0,0,0,0,0,0,0,0,0,'BYE','BYE',0,1003597820),(1180,10,0,0,0,0,0,0,0,0,0,0,0,0,0,0,0,'BYE','BYE',0,1006608236),(1181,10,0,0,0,0,0,0,0,0,0,0,0,0,0,0,0,'BYE','BYE',0,100559049),(1312,6,0,0,0,0,0,0,0,0,0,0,0,0,0,0,0,'BYE','BYE',0,603097779),(1313,6,0,0,0,0,0,0,0,0,0,0,0,0,0,0,0,'BYE','BYE',0,602712023),(1314,6,0,0,0,0,0,0,0,0,0,0,0,0,0,0,0,'BYE','BYE',0,601993502),(1315,6,0,0,0,0,0,0,0,0,0,0,0,0,0,0,0,'BYE','BYE',0,608725931),(1316,6,0,0,0,0,0,0,0,0,0,0,0,0,0,0,0,'BYE','BYE',0,607522989),(1317,6,0,0,0,0,0,0,0,0,0,0,0,0,0,0,0,'BYE','BYE',0,604522659),(1318,6,0,0,0,0,0,0,0,0,0,0,0,0,0,0,0,'BYE','BYE',0,605352316),(1319,6,0,0,0,0,0,0,0,0,0,0,0,0,0,0,0,'BYE','BYE',0,601760091),(1320,6,0,0,0,0,0,0,0,0,0,0,0,0,0,0,0,'BYE','BYE',0,60379665),(1321,6,0,0,0,0,0,0,0,0,0,0,0,0,0,0,0,'BYE','BYE',0,607826498),(1322,6,0,0,0,0,0,0,0,0,0,0,0,0,0,0,0,'BYE','BYE',0,607365362),(1323,6,0,0,0,0,0,0,0,0,0,0,0,0,0,0,0,'BYE','BYE',0,602218837),(1324,6,0,0,0,0,0,0,0,0,0,0,0,0,0,0,0,'BYE','BYE',0,601630896),(1299,7,0,0,0,0,0,0,0,0,0,0,0,0,0,0,0,'BYE','BYE',0,706195294),(1300,7,0,0,0,0,0,0,0,0,0,0,0,0,0,0,0,'BYE','BYE',0,706087303),(1301,7,0,0,0,0,0,0,0,0,0,0,0,0,0,0,0,'BYE','BYE',0,708918939),(1302,7,0,0,0,0,0,0,0,0,0,0,0,0,0,0,0,'BYE','BYE',0,706259708),(1303,7,0,0,0,0,0,0,0,0,0,0,0,0,0,0,0,'BYE','BYE',0,708418512),(1304,7,0,0,0,0,0,0,0,0,0,0,0,0,0,0,0,'BYE','BYE',0,701002116),(1305,7,0,0,0,0,0,0,0,0,0,0,0,0,0,0,0,'BYE','BYE',0,706581286),(1306,7,0,0,0,0,0,0,0,0,0,0,0,0,0,0,0,'BYE','BYE',0,70117252),(1307,7,0,0,0,0,0,0,0,0,0,0,0,0,0,0,0,'BYE','BYE',0,701715431),(1308,7,0,0,0,0,0,0,0,0,0,0,0,0,0,0,0,'BYE','BYE',0,707925595),(1309,7,0,0,0,0,0,0,0,0,0,0,0,0,0,0,0,'BYE','BYE',0,705368196),(1310,7,0,0,0,0,0,0,0,0,0,0,0,0,0,0,0,'BYE','BYE',0,705846118),(1311,7,0,0,0,0,0,0,0,0,0,0,0,0,0,0,0,'BYE','BYE',0,708208331),(1182,8,0,0,0,0,0,0,0,0,0,0,0,0,0,0,0,'BYE','BYE',0,805144439),(1183,8,0,0,0,0,0,0,0,0,0,0,0,0,0,0,0,'BYE','BYE',0,802077770),(1184,8,0,0,0,0,0,0,0,0,0,0,0,0,0,0,0,'BYE','BYE',0,807756307),(1185,8,0,0,0,0,0,0,0,0,0,0,0,0,0,0,0,'BYE','BYE',0,801212083),(1186,8,0,0,0,0,0,0,0,0,0,0,0,0,0,0,0,'BYE','BYE',0,801976167),(1187,8,0,0,0,0,0,0,0,0,0,0,0,0,0,0,0,'BYE','BYE',0,804868675),(1188,8,0,0,0,0,0,0,0,0,0,0,0,0,0,0,0,'BYE','BYE',0,801576481),(1189,8,0,0,0,0,0,0,0,0,0,0,0,0,0,0,0,'BYE','BYE',0,807039074),(1190,8,0,0,0,0,0,0,0,0,0,0,0,0,0,0,0,'BYE','BYE',0,804208052),(1191,8,0,0,0,0,0,0,0,0,0,0,0,0,0,0,0,'BYE','BYE',0,803753865),(1192,8,0,0,0,0,0,0,0,0,0,0,0,0,0,0,0,'BYE','BYE',0,80200436),(1193,8,0,0,0,0,0,0,0,0,0,0,0,0,0,0,0,'BYE','BYE',0,80723788),(1194,8,0,0,0,0,0,0,0,0,0,0,0,0,0,0,0,'BYE','BYE',0,804832016),(1143,10,0,0,0,0,0,0,0,0,0,0,0,0,0,0,0,'BYE','BYE',0,1006809732),(1144,10,0,0,0,0,0,0,0,0,0,0,0,0,0,0,0,'BYE','BYE',0,1004277318),(1145,10,0,0,0,0,0,0,0,0,0,0,0,0,0,0,0,'BYE','BYE',0,1005906749),(1146,10,0,0,0,0,0,0,0,0,0,0,0,0,0,0,0,'BYE','BYE',0,1006296516),(1147,10,0,0,0,0,0,0,0,0,0,0,0,0,0,0,0,'BYE','BYE',0,1001231929),(1148,10,0,0,0,0,0,0,0,0,0,0,0,0,0,0,0,'BYE','BYE',0,1005700608),(1149,10,0,0,0,0,0,0,0,0,0,0,0,0,0,0,0,'BYE','BYE',0,1008536785),(1150,10,0,0,0,0,0,0,0,0,0,0,0,0,0,0,0,'BYE','BYE',0,1005244345),(1151,10,0,0,0,0,0,0,0,0,0,0,0,0,0,0,0,'BYE','BYE',0,1008240939),(1152,10,0,0,0,0,0,0,0,0,0,0,0,0,0,0,0,'BYE','BYE',0,1003409107),(1153,10,0,0,0,0,0,0,0,0,0,0,0,0,0,0,0,'BYE','BYE',0,1005698913),(1154,10,0,0,0,0,0,0,0,0,0,0,0,0,0,0,0,'BYE','BYE',0,1004463315),(1155,10,0,0,0,0,0,0,0,0,0,0,0,0,0,0,0,'BYE','BYE',0,1005233979),(1325,6,0,0,0,0,0,0,0,0,0,0,0,0,0,0,0,'BYE','BYE',0,603731504),(1326,6,0,0,0,0,0,0,0,0,0,0,0,0,0,0,0,'BYE','BYE',0,608549523),(1327,6,0,0,0,0,0,0,0,0,0,0,0,0,0,0,0,'BYE','BYE',0,60938499),(1328,6,0,0,0,0,0,0,0,0,0,0,0,0,0,0,0,'BYE','BYE',0,606821396),(1329,6,0,0,0,0,0,0,0,0,0,0,0,0,0,0,0,'BYE','BYE',0,606887303),(1330,6,0,0,0,0,0,0,0,0,0,0,0,0,0,0,0,'BYE','BYE',0,605017083),(1331,6,0,0,0,0,0,0,0,0,0,0,0,0,0,0,0,'BYE','BYE',0,60299200),(1332,6,0,0,0,0,0,0,0,0,0,0,0,0,0,0,0,'BYE','BYE',0,604714766),(1333,6,0,0,0,0,0,0,0,0,0,0,0,0,0,0,0,'BYE','BYE',0,609037908),(1334,6,0,0,0,0,0,0,0,0,0,0,0,0,0,0,0,'BYE','BYE',0,607101240),(1335,6,0,0,0,0,0,0,0,0,0,0,0,0,0,0,0,'BYE','BYE',0,602327509),(1336,6,0,0,0,0,0,0,0,0,0,0,0,0,0,0,0,'BYE','BYE',0,603352305),(1337,6,0,0,0,0,0,0,0,0,0,0,0,0,0,0,0,'BYE','BYE',0,608705226),(1221,14,0,0,0,0,0,0,0,0,0,0,0,0,0,0,0,'BYE','BYE',0,1405840998),(1222,14,0,0,0,0,0,0,0,0,0,0,0,0,0,0,0,'BYE','BYE',0,1404352954),(1223,14,0,0,0,0,0,0,0,0,0,0,0,0,0,0,0,'BYE','BYE',0,140534438),(1224,14,0,0,0,0,0,0,0,0,0,0,0,0,0,0,0,'BYE','BYE',0,1406440226),(1225,14,0,0,0,0,0,0,0,0,0,0,0,0,0,0,0,'BYE','BYE',0,1405442473),(1226,14,0,0,0,0,0,0,0,0,0,0,0,0,0,0,0,'BYE','BYE',0,1406640035),(1227,14,0,0,0,0,0,0,0,0,0,0,0,0,0,0,0,'BYE','BYE',0,1407090485),(1228,14,0,0,0,0,0,0,0,0,0,0,0,0,0,0,0,'BYE','BYE',0,1407428760),(1229,14,0,0,0,0,0,0,0,0,0,0,0,0,0,0,0,'BYE','BYE',0,1404184419),(1230,14,0,0,0,0,0,0,0,0,0,0,0,0,0,0,0,'BYE','BYE',0,1408024008),(1231,14,0,0,0,0,0,0,0,0,0,0,0,0,0,0,0,'BYE','BYE',0,1402885076),(1232,14,0,0,0,0,0,0,0,0,0,0,0,0,0,0,0,'BYE','BYE',0,1401849819),(1233,14,0,0,0,0,0,0,0,0,0,0,0,0,0,0,0,'BYE','BYE',0,1404112740),(1091,5,0,0,0,0,0,0,0,0,0,0,0,0,0,0,0,'BYE','BYE',0,508609804),(1092,5,0,0,0,0,0,0,0,0,0,0,0,0,0,0,0,'BYE','BYE',0,501961670),(1093,5,0,0,0,0,0,0,0,0,0,0,0,0,0,0,0,'BYE','BYE',0,50952533),(1094,5,0,0,0,0,0,0,0,0,0,0,0,0,0,0,0,'BYE','BYE',0,504432069),(1095,5,0,0,0,0,0,0,0,0,0,0,0,0,0,0,0,'BYE','BYE',0,50198665),(1096,5,0,0,0,0,0,0,0,0,0,0,0,0,0,0,0,'BYE','BYE',0,502244436),(1097,5,0,0,0,0,0,0,0,0,0,0,0,0,0,0,0,'BYE','BYE',0,506868570),(1098,5,0,0,0,0,0,0,0,0,0,0,0,0,0,0,0,'BYE','BYE',0,501440122),(1099,5,0,0,0,0,0,0,0,0,0,0,0,0,0,0,0,'BYE','BYE',0,505106572),(1100,5,0,0,0,0,0,0,0,0,0,0,0,0,0,0,0,'BYE','BYE',0,508886508),(1101,5,0,0,0,0,0,0,0,0,0,0,0,0,0,0,0,'BYE','BYE',0,508800247),(1102,5,0,0,0,0,0,0,0,0,0,0,0,0,0,0,0,'BYE','BYE',0,502452621),(1103,5,0,0,0,0,0,0,0,0,0,0,0,0,0,0,0,'BYE','BYE',0,50165509);
/*!40000 ALTER TABLE `players_stats` ENABLE KEYS */;
UNLOCK TABLES;

--
-- Table structure for table `players_team`
--

DROP TABLE IF EXISTS `players_team`;
/*!40101 SET @saved_cs_client     = @@character_set_client */;
/*!40101 SET character_set_client = utf8 */;
CREATE TABLE `players_team` (
  `id` int(11) NOT NULL AUTO_INCREMENT,
  `owner_id` int(11) NOT NULL,
  `league_id` int(11) NOT NULL,
  `name` varchar(45) NOT NULL,
  `win` int(11) NOT NULL,
  `loss` int(11) NOT NULL,
  `slogan` varchar(200) NOT NULL,
  `total_points` int(11) NOT NULL,
  `total_points_against` int(11) NOT NULL,
  `iscommish` varchar(1) DEFAULT NULL,
  PRIMARY KEY (`id`),
  KEY `players_team_5d52dd10` (`owner_id`),
  KEY `players_team_833cc455` (`league_id`)
) ENGINE=MyISAM AUTO_INCREMENT=42 DEFAULT CHARSET=latin1;
/*!40101 SET character_set_client = @saved_cs_client */;

--
-- Dumping data for table `players_team`
--

LOCK TABLES `players_team` WRITE;
/*!40000 ALTER TABLE `players_team` DISABLE KEYS */;
INSERT INTO `players_team` VALUES (33,9,2,'( o )( o )',0,0,'|| -===- ||',0,0,NULL),(18,5,2,'Joel\'s Scumbags',0,0,'i cheat',0,0,'Y'),(19,11,2,'Hurricane Ditka',0,0,'',0,0,NULL),(20,14,2,'Pirate hookers!',0,0,'Ya\'harrrrrrrr!',0,0,NULL),(21,10,2,'Hairy Bagpipes',0,0,'I like Turtles',0,0,NULL),(27,15,2,'Scent Of A Mule',0,0,'Hurricane Ditka...I want my money monkey.',0,0,NULL),(28,16,2,'dude stuff',0,0,'meh',0,0,NULL),(29,17,2,'THE PAIN TRAIN',0,0,'',0,0,NULL),(30,18,2,'America..',0,0,'<B>USA</B>',0,0,NULL),(32,7,2,'Sarah\'s Men',0,0,'\"You can\'t see this anyway.\"',0,0,NULL),(40,21,4,'admin cheater',0,0,'',0,0,NULL),(41,23,4,'',0,0,'',0,0,NULL);
/*!40000 ALTER TABLE `players_team` ENABLE KEYS */;
UNLOCK TABLES;

--
-- Table structure for table `players_transaction`
--

DROP TABLE IF EXISTS `players_transaction`;
/*!40101 SET @saved_cs_client     = @@character_set_client */;
/*!40101 SET character_set_client = utf8 */;
CREATE TABLE `players_transaction` (
  `id` int(11) NOT NULL AUTO_INCREMENT,
  `timestamp` datetime NOT NULL,
  `action` varchar(10) NOT NULL,
  `team_id` int(11) NOT NULL,
  `league_id` int(11) NOT NULL,
  `owner_id` int(11) NOT NULL,
  `player_id` int(11) NOT NULL,
  PRIMARY KEY (`id`),
  KEY `players_transaction_fcf8ac47` (`team_id`),
  KEY `players_transaction_833cc455` (`league_id`),
  KEY `players_transaction_5d52dd10` (`owner_id`),
  KEY `players_transaction_ea2d1965` (`player_id`)
) ENGINE=MyISAM DEFAULT CHARSET=latin1;
/*!40101 SET character_set_client = @saved_cs_client */;

--
-- Dumping data for table `players_transaction`
--

LOCK TABLES `players_transaction` WRITE;
/*!40000 ALTER TABLE `players_transaction` DISABLE KEYS */;
/*!40000 ALTER TABLE `players_transaction` ENABLE KEYS */;
UNLOCK TABLES;

--
-- Table structure for table `players_userprofile`
--

DROP TABLE IF EXISTS `players_userprofile`;
/*!40101 SET @saved_cs_client     = @@character_set_client */;
/*!40101 SET character_set_client = utf8 */;
CREATE TABLE `players_userprofile` (
  `id` int(11) NOT NULL AUTO_INCREMENT,
  `user_id` int(11) NOT NULL,
  `userpic` varchar(2) NOT NULL,
  PRIMARY KEY (`id`),
  UNIQUE KEY `user_id` (`user_id`)
) ENGINE=MyISAM AUTO_INCREMENT=24 DEFAULT CHARSET=latin1;
/*!40101 SET character_set_client = @saved_cs_client */;

--
-- Dumping data for table `players_userprofile`
--

LOCK TABLES `players_userprofile` WRITE;
/*!40000 ALTER TABLE `players_userprofile` DISABLE KEYS */;
INSERT INTO `players_userprofile` VALUES (5,1,'1'),(7,18,'X1'),(9,20,'BE'),(10,21,'2F'),(11,22,'2F'),(14,26,'BE'),(15,27,'2F'),(16,28,'BE'),(17,29,'BE'),(18,30,'6'),(20,32,''),(21,33,'1'),(22,34,'X1'),(23,35,'');
/*!40000 ALTER TABLE `players_userprofile` ENABLE KEYS */;
UNLOCK TABLES;

--
-- Table structure for table `pybb_attachment`
--

DROP TABLE IF EXISTS `pybb_attachment`;
/*!40101 SET @saved_cs_client     = @@character_set_client */;
/*!40101 SET character_set_client = utf8 */;
CREATE TABLE `pybb_attachment` (
  `id` int(11) NOT NULL AUTO_INCREMENT,
  `post_id` int(11) NOT NULL,
  `size` int(11) NOT NULL,
  `file` varchar(100) NOT NULL,
  PRIMARY KEY (`id`),
  KEY `pybb_attachment_699ae8ca` (`post_id`)
) ENGINE=MyISAM DEFAULT CHARSET=latin1;
/*!40101 SET character_set_client = @saved_cs_client */;

--
-- Dumping data for table `pybb_attachment`
--

LOCK TABLES `pybb_attachment` WRITE;
/*!40000 ALTER TABLE `pybb_attachment` DISABLE KEYS */;
/*!40000 ALTER TABLE `pybb_attachment` ENABLE KEYS */;
UNLOCK TABLES;

--
-- Table structure for table `pybb_category`
--

DROP TABLE IF EXISTS `pybb_category`;
/*!40101 SET @saved_cs_client     = @@character_set_client */;
/*!40101 SET character_set_client = utf8 */;
CREATE TABLE `pybb_category` (
  `id` int(11) NOT NULL AUTO_INCREMENT,
  `name` varchar(80) NOT NULL,
  `position` int(11) NOT NULL,
  `hidden` tinyint(1) NOT NULL,
  PRIMARY KEY (`id`)
) ENGINE=MyISAM AUTO_INCREMENT=2 DEFAULT CHARSET=latin1;
/*!40101 SET character_set_client = @saved_cs_client */;

--
-- Dumping data for table `pybb_category`
--

LOCK TABLES `pybb_category` WRITE;
/*!40000 ALTER TABLE `pybb_category` DISABLE KEYS */;
INSERT INTO `pybb_category` VALUES (1,'Trash Talk',0,0);
/*!40000 ALTER TABLE `pybb_category` ENABLE KEYS */;
UNLOCK TABLES;

--
-- Table structure for table `pybb_forum`
--

DROP TABLE IF EXISTS `pybb_forum`;
/*!40101 SET @saved_cs_client     = @@character_set_client */;
/*!40101 SET character_set_client = utf8 */;
CREATE TABLE `pybb_forum` (
  `id` int(11) NOT NULL AUTO_INCREMENT,
  `category_id` int(11) NOT NULL,
  `name` varchar(80) NOT NULL,
  `position` int(11) NOT NULL,
  `description` longtext NOT NULL,
  `updated` datetime DEFAULT NULL,
  `post_count` int(11) NOT NULL,
  `topic_count` int(11) NOT NULL,
  `hidden` tinyint(1) NOT NULL,
  `headline` longtext,
  PRIMARY KEY (`id`),
  KEY `pybb_forum_42dc49bc` (`category_id`)
) ENGINE=MyISAM AUTO_INCREMENT=2 DEFAULT CHARSET=latin1;
/*!40101 SET character_set_client = @saved_cs_client */;

--
-- Dumping data for table `pybb_forum`
--

LOCK TABLES `pybb_forum` WRITE;
/*!40000 ALTER TABLE `pybb_forum` DISABLE KEYS */;
INSERT INTO `pybb_forum` VALUES (1,1,'Tecmo Fantasy Bowl',0,'','2012-03-27 09:53:23',86,33,0,NULL);
/*!40000 ALTER TABLE `pybb_forum` ENABLE KEYS */;
UNLOCK TABLES;

--
-- Table structure for table `pybb_forum_moderators`
--

DROP TABLE IF EXISTS `pybb_forum_moderators`;
/*!40101 SET @saved_cs_client     = @@character_set_client */;
/*!40101 SET character_set_client = utf8 */;
CREATE TABLE `pybb_forum_moderators` (
  `id` int(11) NOT NULL AUTO_INCREMENT,
  `forum_id` int(11) NOT NULL,
  `user_id` int(11) NOT NULL,
  PRIMARY KEY (`id`),
  UNIQUE KEY `forum_id` (`forum_id`,`user_id`),
  KEY `pybb_forum_moderators_b665e7a6` (`forum_id`),
  KEY `pybb_forum_moderators_fbfc09f1` (`user_id`)
) ENGINE=MyISAM DEFAULT CHARSET=latin1;
/*!40101 SET character_set_client = @saved_cs_client */;

--
-- Dumping data for table `pybb_forum_moderators`
--

LOCK TABLES `pybb_forum_moderators` WRITE;
/*!40000 ALTER TABLE `pybb_forum_moderators` DISABLE KEYS */;
/*!40000 ALTER TABLE `pybb_forum_moderators` ENABLE KEYS */;
UNLOCK TABLES;

--
-- Table structure for table `pybb_forumreadtracker`
--

DROP TABLE IF EXISTS `pybb_forumreadtracker`;
/*!40101 SET @saved_cs_client     = @@character_set_client */;
/*!40101 SET character_set_client = utf8 */;
CREATE TABLE `pybb_forumreadtracker` (
  `id` int(11) NOT NULL AUTO_INCREMENT,
  `user_id` int(11) NOT NULL,
  `forum_id` int(11) DEFAULT NULL,
  `time_stamp` datetime NOT NULL,
  PRIMARY KEY (`id`),
  KEY `pybb_forumreadtracker_fbfc09f1` (`user_id`),
  KEY `pybb_forumreadtracker_b665e7a6` (`forum_id`)
) ENGINE=MyISAM AUTO_INCREMENT=5 DEFAULT CHARSET=latin1;
/*!40101 SET character_set_client = @saved_cs_client */;

--
-- Dumping data for table `pybb_forumreadtracker`
--

LOCK TABLES `pybb_forumreadtracker` WRITE;
/*!40000 ALTER TABLE `pybb_forumreadtracker` DISABLE KEYS */;
INSERT INTO `pybb_forumreadtracker` VALUES (1,1,1,'2012-04-19 20:01:59'),(2,29,1,'2012-02-19 20:34:25'),(3,18,1,'2012-02-23 22:41:49'),(4,21,1,'2012-02-22 12:24:07');
/*!40000 ALTER TABLE `pybb_forumreadtracker` ENABLE KEYS */;
UNLOCK TABLES;

--
-- Table structure for table `pybb_post`
--

DROP TABLE IF EXISTS `pybb_post`;
/*!40101 SET @saved_cs_client     = @@character_set_client */;
/*!40101 SET character_set_client = utf8 */;
CREATE TABLE `pybb_post` (
  `id` int(11) NOT NULL AUTO_INCREMENT,
  `body` longtext NOT NULL,
  `body_html` longtext NOT NULL,
  `body_text` longtext NOT NULL,
  `topic_id` int(11) NOT NULL,
  `user_id` int(11) NOT NULL,
  `created` datetime NOT NULL,
  `updated` datetime DEFAULT NULL,
  `user_ip` char(15) NOT NULL,
  `on_moderation` tinyint(1) NOT NULL,
  PRIMARY KEY (`id`),
  KEY `pybb_post_57732028` (`topic_id`),
  KEY `pybb_post_fbfc09f1` (`user_id`)
) ENGINE=MyISAM AUTO_INCREMENT=95 DEFAULT CHARSET=latin1;
/*!40101 SET character_set_client = @saved_cs_client */;

--
-- Dumping data for table `pybb_post`
--

LOCK TABLES `pybb_post` WRITE;
/*!40000 ALTER TABLE `pybb_post` DISABLE KEYS */;
INSERT INTO `pybb_post` VALUES (4,'commence trash talk here.','commence trash talk here.','commence trash talk here.',3,1,'2012-01-26 22:26:32',NULL,'127.0.0.1',0),(6,'When I select PLAYERS in the header, I am taken to http://www.tecmofantasybowl.com/team/CHI/\r\n','When I select PLAYERS in the header, I am taken to <a href=\"http://www.tecmofantasybowl.com/team/CHI/\">http://www.tecmofantasybowl.com/team/CHI/</a><br/>','When I select PLAYERS in the header, I am taken to http://www.tecmofantasybowl.com/team/CHI/',4,29,'2012-02-19 12:40:50',NULL,'127.0.0.1',0),(7,'Is there a way to view available players? My team is pretty awful and I would like to see what\'s out there before I drop er\'body.','Is there a way to view available players? My team is pretty awful and I would like to see what\'s out there before I drop er\'body.','Is there a way to view available players? My team is pretty awful and I would like to see what\'s out there before I drop er\'body.',5,29,'2012-02-19 12:41:31',NULL,'127.0.0.1',0),(8,'Will there be  \"last season\" stats page available after we sim a season or two? Or just current season?\r\n\r\nI like to compare year to year/season to season.','Will there be  &ldquo;last season&rdquo; stats page available after we sim a season or two? Or just current season?<br/><br/>I like to compare year to year/season to season.','Will there be  &ldquo;last season&rdquo; stats page available after we sim a season or two? Or just current season?I like to compare year to year/season to season.',6,18,'2012-02-19 12:59:57',NULL,'127.0.0.1',0),(21,'I like what you are saying Joel.  Somewhere down the road it would be nice to be in a couple \"seasons\".  So your site could offer a league to play a specific nfl season, like 1991 or 2005.  \r\n\r\nI would pay my money, create my league and select a season.  I know it\'s a lot of work to create custom rosters that have accurate attributes for all the players but like I said.... down the road.  \r\n\r\n','I like what you are saying Joel.  Somewhere down the road it would be nice to be in a couple &ldquo;seasons&rdquo;.  So your site could offer a league to play a specific nfl season, like 1991 or 2005.  <br/><br/>I would pay my money, create my league and select a season.  I know it\'s a lot of work to create custom rosters that have accurate attributes for all the players but like I said&#8230;. down the road.  <br/><br/>','I like what you are saying Joel.  Somewhere down the road it would be nice to be in a couple &ldquo;seasons&rdquo;.  So your site could offer a league to play a specific nfl season, like 1991 or 2005.  I would pay my money, create my league and select a season.  I know it\'s a lot of work to create custom rosters that have accurate attributes for all the players but like I said&#8230;. down the road.  ',6,21,'2012-02-19 20:15:39',NULL,'127.0.0.1',0),(11,'My matchup screen doesn\'t show who I\'m matched up against. It\'s just empty grids.\r\n','My matchup screen doesn\'t show who I\'m matched up against. It\'s just empty grids.<br/>','My matchup screen doesn\'t show who I\'m matched up against. It\'s just empty grids.',7,18,'2012-02-19 13:06:22',NULL,'127.0.0.1',0),(12,'You should be able to set your profile picture to a girl face.','You should be able to set your profile picture to a girl face.','You should be able to set your profile picture to a girl face.',8,18,'2012-02-19 13:08:28',NULL,'127.0.0.1',0),(13,'I can\'t figure out how to add/drop. ','I can\'t figure out how to add/drop. ','I can\'t figure out how to add/drop. ',9,18,'2012-02-19 13:10:57',NULL,'127.0.0.1',0),(20,'It might also be nice to see the matchup page show all the matchup\'s for the week.  That way I can see at a glance who scored what.','It might also be nice to see the matchup page show all the matchup\'s for the week.  That way I can see at a glance who scored what.','It might also be nice to see the matchup page show all the matchup\'s for the week.  That way I can see at a glance who scored what.',7,21,'2012-02-19 20:10:40',NULL,'127.0.0.1',0),(14,'yeah cause the bears are #1 in the world.','yeah cause the bears are #1 in the world.','yeah cause the bears are #1 in the world.',4,1,'2012-02-19 14:08:19',NULL,'127.0.0.1',0),(15,'I would like to have a \"last season\" stats page, that will be helpful if I reuse roms but when I start doing roms that have their own attribs it could be a little misleading.  Also rosters will change a lot between seasons if I don\'t play linearly... example: Season #4 on live could be 1999 NFL, then folks would have to go to nfl.com and do their research.','I would like to have a &ldquo;last season&rdquo; stats page, that will be helpful if I reuse roms but when I start doing roms that have their own attribs it could be a little misleading.  Also rosters will change a lot between seasons if I don\'t play linearly&#8230; example: Season #4 on live could be 1999 NFL, then folks would have to go to <a href=\"http://nfl.com\">nfl.com</a> and do their research.','I would like to have a &ldquo;last season&rdquo; stats page, that will be helpful if I reuse roms but when I start doing roms that have their own attribs it could be a little misleading.  Also rosters will change a lot between seasons if I don\'t play linearly&#8230; example: Season #4 on live could be 1999 NFL, then folks would have to go to nfl.com and do their research.',6,1,'2012-02-19 14:10:48',NULL,'127.0.0.1',0),(35,'If you see a header of \"SITE IS UNDERGOING MAINTENANCE\" underneath the TECMO FANTASY BOWL header, that means that nothing you do will be saved.  So proceed with caution if you ever see that banner.\r\n\r\nSince my host seems to have an issue with me actually running any tools to administer the structure of my app (or I just don\'t know how) I pull down my database locally, apply the patches, and re-upload the database to insert.  \r\n\r\nThe banner is just another way of saying \"Hey idiot, i\'m working on the site\'s database so everything you do is going bye bye\"','If you see a header of &ldquo;SITE IS UNDERGOING MAINTENANCE&rdquo; underneath the TECMO FANTASY BOWL header, that means that nothing you do will be saved.  So proceed with caution if you ever see that banner.<br/><br/>Since my host seems to have an issue with me actually running any tools to administer the structure of my app (or I just don\'t know how) I pull down my database locally, apply the patches, and re-upload the database to insert.  <br/><br/>The banner is just another way of saying &ldquo;Hey idiot, i\'m working on the site\'s database so everything you do is going bye bye&rdquo;','If you see a header of &ldquo;SITE IS UNDERGOING MAINTENANCE&rdquo; underneath the TECMO FANTASY BOWL header, that means that nothing you do will be saved.  So proceed with caution if you ever see that banner.Since my host seems to have an issue with me actually running any tools to administer the structure of my app (or I just don\'t know how) I pull down my database locally, apply the patches, and re-upload the database to insert.  The banner is just another way of saying &ldquo;Hey idiot, i\'m working on the site\'s database so everything you do is going bye bye&rdquo;',12,1,'2012-02-20 20:01:00',NULL,'127.0.0.1',0),(16,'That is because we are preseason status, I can see how it\'s a little misleading - i\'ll change it to say something like \"You are not matched up against anyone yet\" or \"Matchup Data Doesn\'t Exist\"... any suggestions?  You\'re the eloquent one in the household.','That is because we are preseason status, I can see how it\'s a little misleading - i\'ll change it to say something like &ldquo;You are not matched up against anyone yet&rdquo; or &ldquo;Matchup Data Doesn\'t Exist&rdquo;&#8230; any suggestions?  You\'re the eloquent one in the household.','That is because we are preseason status, I can see how it\'s a little misleading - i\'ll change it to say something like &ldquo;You are not matched up against anyone yet&rdquo; or &ldquo;Matchup Data Doesn\'t Exist&rdquo;&#8230; any suggestions?  You\'re the eloquent one in the household.',7,1,'2012-02-19 14:12:15',NULL,'127.0.0.1',0),(17,'i agree!  maybe two or 3 custom faces for women?  1 white 1 black?  Thoughts?','i agree!  maybe two or 3 custom faces for women?  1 white 1 black?  Thoughts?','i agree!  maybe two or 3 custom faces for women?  1 white 1 black?  Thoughts?',8,1,'2012-02-19 14:13:01',NULL,'127.0.0.1',0),(18,'Right now the only place to add drop is in the profile page.  I have plans to put it in the \"My Team\" page as well.','Right now the only place to add drop is in the profile page.  I have plans to put it in the &ldquo;My Team&rdquo; page as well.','Right now the only place to add drop is in the profile page.  I have plans to put it in the &ldquo;My Team&rdquo; page as well.',9,1,'2012-02-19 14:13:40',NULL,'127.0.0.1',0),(19,'hrm good point, right now you\'re not directed to FA until you have an available spot.  This is a good idea!','hrm good point, right now you\'re not directed to FA until you have an available spot.  This is a good idea!','hrm good point, right now you\'re not directed to FA until you have an available spot.  This is a good idea!',5,1,'2012-02-19 14:19:56',NULL,'127.0.0.1',0),(22,'haha.  nice, Joel.','haha.  nice, Joel.','haha.  nice, Joel.',4,21,'2012-02-19 20:16:53',NULL,'127.0.0.1',0),(23,'What is the players tab supposed to be?','What is the players tab supposed to be?','What is the players tab supposed to be?',4,29,'2012-02-19 20:30:15',NULL,'127.0.0.1',0),(24,'I H@X0R3D this and found a temp work around.\r\n\r\nhttp://www.tecmofantasybowl.com/pickup/te/\r\n\r\nPick your flavor to see the list.','I H@X0R3D this and found a temp work around.<br/><br/><a href=\"http://www.tecmofantasybowl.com/pickup/te/\">http://www.tecmofantasybowl.com/pickup/te/</a><br/><br/>Pick your flavor to see the list.','I H@X0R3D this and found a temp work around.http://www.tecmofantasybowl.com/pickup/te/Pick your flavor to see the list.',5,29,'2012-02-19 20:32:59',NULL,'127.0.0.1',0),(25,'A back button or Breadcrumbs?\r\n\r\nForum > TF > AWESOMEPARTYHERE\r\n\r\nI have to click Forum and then Tecmo Fantasy Bowl each time to view a thread. NOMSAYIN?','A back button or Breadcrumbs?<br/><br/>Forum &gt; TF &gt; AWESOMEPARTYHERE<br/><br/>I have to click Forum and then Tecmo Fantasy Bowl each time to view a thread. NOMSAYIN?','A back button or Breadcrumbs?Forum > TF > AWESOMEPARTYHEREI have to click Forum and then Tecmo Fantasy Bowl each time to view a thread. NOMSAYIN?',10,29,'2012-02-19 20:34:25',NULL,'127.0.0.1',0),(26,'i totally agree, this forum is 3rd party site plugin.  I\'ll have to look in to editing their source.  Doable, but hardly on my radar.  Do you think I should switch to a phpbb hosted offsite or something?','i totally agree, this forum is 3rd party site plugin.  I\'ll have to look in to editing their source.  Doable, but hardly on my radar.  Do you think I should switch to a phpbb hosted offsite or something?','i totally agree, this forum is 3rd party site plugin.  I\'ll have to look in to editing their source.  Doable, but hardly on my radar.  Do you think I should switch to a phpbb hosted offsite or something?',10,1,'2012-02-19 21:14:14',NULL,'127.0.0.1',0),(27,'dave, i spent a few hours today coding something to address this.','dave, i spent a few hours today coding something to address this.','dave, i spent a few hours today coding something to address this.',5,1,'2012-02-19 21:14:58',NULL,'127.0.0.1',0),(28,'that players tab is supposed to be a \"How are the players in the game doing so far...\"\r\n\r\nI\'d like to expand it to include league leaders sortable by positions, and detailed per game stats for players.  Right now it just groups players per their pro team.','that players tab is supposed to be a &ldquo;How are the players in the game doing so far&#8230;&rdquo;<br/><br/>I\'d like to expand it to include league leaders sortable by positions, and detailed per game stats for players.  Right now it just groups players per their pro team.','that players tab is supposed to be a &ldquo;How are the players in the game doing so far&#8230;&rdquo;I\'d like to expand it to include league leaders sortable by positions, and detailed per game stats for players.  Right now it just groups players per their pro team.',4,1,'2012-02-19 21:16:40',NULL,'127.0.0.1',0),(29,'mike I have a number of roms that reflect player attributes through those seasons.  OF course no rom will be used without it going through an offline test season so I can validate it\'s legitimacy.\r\n\r\nHonestly i\'m most excited about dynasty seasons.  85 Bears... 94 49ers... yeah.','mike I have a number of roms that reflect player attributes through those seasons.  OF course no rom will be used without it going through an offline test season so I can validate it\'s legitimacy.<br/><br/>Honestly i\'m most excited about dynasty seasons.  85 Bears&#8230; 94 49ers&#8230; yeah.','mike I have a number of roms that reflect player attributes through those seasons.  OF course no rom will be used without it going through an offline test season so I can validate it\'s legitimacy.Honestly i\'m most excited about dynasty seasons.  85 Bears&#8230; 94 49ers&#8230; yeah.',6,1,'2012-02-19 21:18:18',NULL,'127.0.0.1',0),(30,'Mike,\r\n\r\nThat is actually visible once the matchup data has been created after the \"draft\" should be.  The logic would follow this:\r\n\r\nTeams sign up with League -> Draft -> Wait for season to start -> Matchups are created -> all matchup stuff is visible -> chaos ensues.\r\n\r\nIt will all be visible from the \"League\"  page.  That is like the main landing page for the fantasy football aspect of the site.','Mike,<br/><br/>That is actually visible once the matchup data has been created after the &ldquo;draft&rdquo; should be.  The logic would follow this:<br/><br/>Teams sign up with League -&gt; Draft -&gt; Wait for season to start -&gt; Matchups are created -&gt; all matchup stuff is visible -&gt; chaos ensues.<br/><br/>It will all be visible from the &ldquo;League&rdquo;  page.  That is like the main landing page for the fantasy football aspect of the site.','Mike,That is actually visible once the matchup data has been created after the &ldquo;draft&rdquo; should be.  The logic would follow this:Teams sign up with League -> Draft -> Wait for season to start -> Matchups are created -> all matchup stuff is visible -> chaos ensues.It will all be visible from the &ldquo;League&rdquo;  page.  That is like the main landing page for the fantasy football aspect of the site.',7,1,'2012-02-19 21:20:56',NULL,'127.0.0.1',0),(31,'In quick profile you should now be able to click on the link to the position and it will bring a modal popup to show who is available.  \r\n\r\nIF you have an available spot on your roster you can add the player from there.  However the redirect is kind of hairy right now.  Can massage how that goes more in the future.','In quick profile you should now be able to click on the link to the position and it will bring a modal popup to show who is available.  <br/><br/>IF you have an available spot on your roster you can add the player from there.  However the redirect is kind of hairy right now.  Can massage how that goes more in the future.','In quick profile you should now be able to click on the link to the position and it will bring a modal popup to show who is available.  IF you have an available spot on your roster you can add the player from there.  However the redirect is kind of hairy right now.  Can massage how that goes more in the future.',5,1,'2012-02-19 21:27:48',NULL,'127.0.0.1',0),(32,'You guys are great!  The input has already helped me catch things I never thought about.  Some things you may notice are:\r\n\r\nClicking on the position in \"quick roster\" will now bring up a list of available players in that position.  If you have an open slot in that position you can even pick up a player from that popup.  Redirect is kind of buggy, but I have an idea for that.\r\n\r\nIf there is no matchup data created for the system yet and you click on your matchup link at the top it will tell you there is no matchup data.  This should alleviate some confusion.','You guys are great!  The input has already helped me catch things I never thought about.  Some things you may notice are:<br/><br/>Clicking on the position in &ldquo;quick roster&rdquo; will now bring up a list of available players in that position.  If you have an open slot in that position you can even pick up a player from that popup.  Redirect is kind of buggy, but I have an idea for that.<br/><br/>If there is no matchup data created for the system yet and you click on your matchup link at the top it will tell you there is no matchup data.  This should alleviate some confusion.','You guys are great!  The input has already helped me catch things I never thought about.  Some things you may notice are:Clicking on the position in &ldquo;quick roster&rdquo; will now bring up a list of available players in that position.  If you have an open slot in that position you can even pick up a player from that popup.  Redirect is kind of buggy, but I have an idea for that.If there is no matchup data created for the system yet and you click on your matchup link at the top it will tell you there is no matchup data.  This should alleviate some confusion.',11,1,'2012-02-19 21:30:43',NULL,'127.0.0.1',0),(33,'fixed buggy redirect.  Was going to lose sleep over that one.','fixed buggy redirect.  Was going to lose sleep over that one.','fixed buggy redirect.  Was going to lose sleep over that one.',11,1,'2012-02-19 21:33:13',NULL,'127.0.0.1',0),(34,'I reread your comment and realized that you were talking about people joining this site and choosing which flavor of tecmo roster to play with.  I don\'t see that happening soon if ever.  The whole idea of this site so far is so that everyone can follow along with the central \"master games\" which I simulate.\r\n\r\nThere has been mumbling in my sleep about opening this up as a tecmo fantasy framework where people can upload their rom and it would generate the roster folks play with... after that folks just upload their weekly stat files and it updates everyone in their league based on the stat files the commish uploads.\r\n\r\nRight now that is a pipe dream and is not likely to happen.  It\'s a possibility if I get burned out on simming games and playing dungeon master for this site though.','I reread your comment and realized that you were talking about people joining this site and choosing which flavor of tecmo roster to play with.  I don\'t see that happening soon if ever.  The whole idea of this site so far is so that everyone can follow along with the central &ldquo;master games&rdquo; which I simulate.<br/><br/>There has been mumbling in my sleep about opening this up as a tecmo fantasy framework where people can upload their rom and it would generate the roster folks play with&#8230; after that folks just upload their weekly stat files and it updates everyone in their league based on the stat files the commish uploads.<br/><br/>Right now that is a pipe dream and is not likely to happen.  It\'s a possibility if I get burned out on simming games and playing dungeon master for this site though.','I reread your comment and realized that you were talking about people joining this site and choosing which flavor of tecmo roster to play with.  I don\'t see that happening soon if ever.  The whole idea of this site so far is so that everyone can follow along with the central &ldquo;master games&rdquo; which I simulate.There has been mumbling in my sleep about opening this up as a tecmo fantasy framework where people can upload their rom and it would generate the roster folks play with&#8230; after that folks just upload their weekly stat files and it updates everyone in their league based on the stat files the commish uploads.Right now that is a pipe dream and is not likely to happen.  It\'s a possibility if I get burned out on simming games and playing dungeon master for this site though.',6,1,'2012-02-19 22:52:13',NULL,'127.0.0.1',0),(36,'and since it wont be saved, that includes forum posts.','and since it wont be saved, that includes forum posts.','and since it wont be saved, that includes forum posts.',12,1,'2012-02-20 20:52:53',NULL,'127.0.0.1',0),(37,'I\'d recommend getting rid of the Tecmo Font for the message board.  Reading anything is fairly awful','I\'d recommend getting rid of the Tecmo Font for the message board.  Reading anything is fairly awful','I\'d recommend getting rid of the Tecmo Font for the message board.  Reading anything is fairly awful',13,20,'2012-02-21 13:49:25',NULL,'127.0.0.1',0),(38,'I agree on removing the font in the forum.  Numbers aren\'t using the same font in game - not sure about the forum.  We\'ll find out now 0123456789','I agree on removing the font in the forum.  Numbers aren\'t using the same font in game - not sure about the forum.  We\'ll find out now 0123456789','I agree on removing the font in the forum.  Numbers aren\'t using the same font in game - not sure about the forum.  We\'ll find out now 0123456789',13,30,'2012-02-21 20:03:31',NULL,'127.0.0.1',0),(39,'Here are a few comments so far:\r\n*Set face in the profile page clears out any changes done to team name, slogan etc.  Maybe combine in to a single submit button?\r\n\r\n*Numbers aren\'t included in this font (ex. 0123)\r\n\r\n*When I try to make a change to my roster in the middle of a sim, it isn\'t clear why I\'m not able to.  Currently, nothing happened and the page just refreshed.  Maybe a screen stating the roster is currently locked or a pop up saying why I can\'t drop.\r\n\r\n*What does it mean when a player is highlighted red on the match up screen?\r\n\r\n*\"Players\" page only shows players from Chicago and Dallas.  Is that the expected behavior currently?\r\n\r\n*I dropped all the player off my team and got an error page.  It looks like a lot of debug information.  I\'ll e-mail it to you and maybe read through it to see if there is anything interesting.\r\n\r\nWhen I try to drop the last filled spot on my page, it throws the error above.  I can go back and add a player, but if I don\'t and try to go on to a new page it will stay broken.  Currently, I have an empty team and any time I try to go to matchup or profile I get the error.  My Team page does work, but shows my team as empty.','Here are a few comments so far:<br/>*Set face in the profile page clears out any changes done to team name, slogan etc.  Maybe combine in to a single submit button?<br/><br/>*Numbers aren\'t included in this font (ex. 0123)<br/><br/>*When I try to make a change to my roster in the middle of a sim, it isn\'t clear why I\'m not able to.  Currently, nothing happened and the page just refreshed.  Maybe a screen stating the roster is currently locked or a pop up saying why I can\'t drop.<br/><br/>*What does it mean when a player is highlighted red on the match up screen?<br/><br/>*&ldquo;Players&rdquo; page only shows players from Chicago and Dallas.  Is that the expected behavior currently?<br/><br/>*I dropped all the player off my team and got an error page.  It looks like a lot of debug information.  I\'ll e-mail it to you and maybe read through it to see if there is anything interesting.<br/><br/>When I try to drop the last filled spot on my page, it throws the error above.  I can go back and add a player, but if I don\'t and try to go on to a new page it will stay broken.  Currently, I have an empty team and any time I try to go to matchup or profile I get the error.  My Team page does work, but shows my team as empty.','Here are a few comments so far:*Set face in the profile page clears out any changes done to team name, slogan etc.  Maybe combine in to a single submit button?*Numbers aren\'t included in this font (ex. 0123)*When I try to make a change to my roster in the middle of a sim, it isn\'t clear why I\'m not able to.  Currently, nothing happened and the page just refreshed.  Maybe a screen stating the roster is currently locked or a pop up saying why I can\'t drop.*What does it mean when a player is highlighted red on the match up screen?*&ldquo;Players&rdquo; page only shows players from Chicago and Dallas.  Is that the expected behavior currently?*I dropped all the player off my team and got an error page.  It looks like a lot of debug information.  I\'ll e-mail it to you and maybe read through it to see if there is anything interesting.When I try to drop the last filled spot on my page, it throws the error above.  I can go back and add a player, but if I don\'t and try to go on to a new page it will stay broken.  Currently, I have an empty team and any time I try to go to matchup or profile I get the error.  My Team page does work, but shows my team as empty.',14,30,'2012-02-21 20:09:30',NULL,'127.0.0.1',0),(40,'I get it, and I think we are kind of on the same page.  You have to play dungeon master now because it\'s early...   \r\n\r\nThis is pretty sweet either way.','I get it, and I think we are kind of on the same page.  You have to play dungeon master now because it\'s early&#8230;   <br/><br/>This is pretty sweet either way.','I get it, and I think we are kind of on the same page.  You have to play dungeon master now because it\'s early&#8230;   This is pretty sweet either way.',6,21,'2012-02-21 20:14:24',NULL,'127.0.0.1',0),(41,'Since all the sims are based solely on player attributes and not like the live NFL where players get hot, it would be pretty cool to see a list of all players and their attributes.  I *believe* that this is something you can pull and store.  Can\'t remember though.\r\n\r\nThis would allow me to assess my matchups each week.\r\n\r\nWhat do you think?','Since all the sims are based solely on player attributes and not like the live NFL where players get hot, it would be pretty cool to see a list of all players and their attributes.  I *believe* that this is something you can pull and store.  Can\'t remember though.<br/><br/>This would allow me to assess my matchups each week.<br/><br/>What do you think?','Since all the sims are based solely on player attributes and not like the live NFL where players get hot, it would be pretty cool to see a list of all players and their attributes.  I *believe* that this is something you can pull and store.  Can\'t remember though.This would allow me to assess my matchups each week.What do you think?',15,21,'2012-02-21 20:22:50',NULL,'127.0.0.1',0),(42,'i agree, this is pretty freaking hard to read on the forum.  I\'ll see if i can do some CSS sorcery','i agree, this is pretty freaking hard to read on the forum.  I\'ll see if i can do some CSS sorcery','i agree, this is pretty freaking hard to read on the forum.  I\'ll see if i can do some CSS sorcery',13,1,'2012-02-21 20:49:48',NULL,'127.0.0.1',0),(43,'[quote=\"kknowles\"]*Set face in the profile page clears out any changes done to team name, slogan etc.  Maybe combine in to a single submit button?[/quote]\r\n\r\nAgree, the 2 submit buttons were a hack job.  That\'ll get on my radar.\r\n\r\n[quote]\r\n*Numbers aren\'t included in this font (ex. 0123)[/quote]\r\n\r\nI\'ve been on the lookout for a good nintendo font that has numbers included.  If you see a good GPL license font with numbers link me cause i\'m willing to trying a bunch out\r\n\r\n[quote]\r\n*When I try to make a change to my roster in the middle of a sim, it isn\'t clear why I\'m not able to.  Currently, nothing happened and the page just refreshed.  Maybe a screen stating the roster is currently locked or a pop up saying why I can\'t drop.[/quote]\r\n\r\nThat\'s exactly what is happening.  I do a notice on the league join page if you try to join a league with an invalid invite code.  I\'ll do the same thing here if you try to drop a player that is locked.\r\n\r\n[quote]\r\n*What does it mean when a player is highlighted red on the match up screen?[/quote]\r\n\r\nThat means he got injured during the week\r\n\r\n[quote]\r\n*\"Players\" page only shows players from Chicago and Dallas.  Is that the expected behavior currently?\r\n[/quote]\r\n\r\nNot really, to go to other teams you have to click on the shorthand name in the schedule.  This was the first page I coded in the site so it\'s really rough.  I want to get away from the \"players\" page being so team focused.  In fact there is no reason for an emphasis to be on any team data.\r\n\r\n[quote]\r\n*I dropped all the player off my team and got an error page.  It looks like a lot of debug information.  I\'ll e-mail it to you and maybe read through it to see if there is anything interesting.[/quote]\r\n\r\nGreat find! was a pretty hilarious bug but I pushed up a code fix.  A line of code somehow got out of it\'s for loop which made blank rosters poop the bed.\r\n\r\n[quote]\r\nWhen I try to drop the last filled spot on my page, it throws the error above.  I can go back and add a player, but if I don\'t and try to go on to a new page it will stay broken.  Currently, I have an empty team and any time I try to go to matchup or profile I get the error.  My Team page does work, but shows my team as empty.[/quote]\r\n\r\nyour team page should be fixed now.  in fact all of our team pages with an empty roster should be fixed thanks to this bug.','<blockquote><em>kknowles</em><br/>*Set face in the profile page clears out any changes done to team name, slogan etc.  Maybe combine in to a single submit button?</blockquote><br/>Agree, the 2 submit buttons were a hack job.  That\'ll get on my radar.<br/><br/><blockquote>*Numbers aren\'t included in this font (ex. 0123)</blockquote><br/>I\'ve been on the lookout for a good nintendo font that has numbers included.  If you see a good GPL license font with numbers link me cause i\'m willing to trying a bunch out<br/><br/><blockquote>*When I try to make a change to my roster in the middle of a sim, it isn\'t clear why I\'m not able to.  Currently, nothing happened and the page just refreshed.  Maybe a screen stating the roster is currently locked or a pop up saying why I can\'t drop.</blockquote><br/>That\'s exactly what is happening.  I do a notice on the league join page if you try to join a league with an invalid invite code.  I\'ll do the same thing here if you try to drop a player that is locked.<br/><br/><blockquote>*What does it mean when a player is highlighted red on the match up screen?</blockquote><br/>That means he got injured during the week<br/><br/><blockquote>*&ldquo;Players&rdquo; page only shows players from Chicago and Dallas.  Is that the expected behavior currently?<br/></blockquote><br/>Not really, to go to other teams you have to click on the shorthand name in the schedule.  This was the first page I coded in the site so it\'s really rough.  I want to get away from the &ldquo;players&rdquo; page being so team focused.  In fact there is no reason for an emphasis to be on any team data.<br/><br/><blockquote>*I dropped all the player off my team and got an error page.  It looks like a lot of debug information.  I\'ll e-mail it to you and maybe read through it to see if there is anything interesting.</blockquote><br/>Great find! was a pretty hilarious bug but I pushed up a code fix.  A line of code somehow got out of it\'s for loop which made blank rosters poop the bed.<br/><br/><blockquote>When I try to drop the last filled spot on my page, it throws the error above.  I can go back and add a player, but if I don\'t and try to go on to a new page it will stay broken.  Currently, I have an empty team and any time I try to go to matchup or profile I get the error.  My Team page does work, but shows my team as empty.</blockquote><br/>your team page should be fixed now.  in fact all of our team pages with an empty roster should be fixed thanks to this bug.','kknowles*Set face in the profile page clears out any changes done to team name, slogan etc.  Maybe combine in to a single submit button?Agree, the 2 submit buttons were a hack job.  That\'ll get on my radar.*Numbers aren\'t included in this font (ex. 0123)I\'ve been on the lookout for a good nintendo font that has numbers included.  If you see a good GPL license font with numbers link me cause i\'m willing to trying a bunch out*When I try to make a change to my roster in the middle of a sim, it isn\'t clear why I\'m not able to.  Currently, nothing happened and the page just refreshed.  Maybe a screen stating the roster is currently locked or a pop up saying why I can\'t drop.That\'s exactly what is happening.  I do a notice on the league join page if you try to join a league with an invalid invite code.  I\'ll do the same thing here if you try to drop a player that is locked.*What does it mean when a player is highlighted red on the match up screen?That means he got injured during the week*&ldquo;Players&rdquo; page only shows players from Chicago and Dallas.  Is that the expected behavior currently?Not really, to go to other teams you have to click on the shorthand name in the schedule.  This was the first page I coded in the site so it\'s really rough.  I want to get away from the &ldquo;players&rdquo; page being so team focused.  In fact there is no reason for an emphasis to be on any team data.*I dropped all the player off my team and got an error page.  It looks like a lot of debug information.  I\'ll e-mail it to you and maybe read through it to see if there is anything interesting.Great find! was a pretty hilarious bug but I pushed up a code fix.  A line of code somehow got out of it\'s for loop which made blank rosters poop the bed.When I try to drop the last filled spot on my page, it throws the error above.  I can go back and add a player, but if I don\'t and try to go on to a new page it will stay broken.  Currently, I have an empty team and any time I try to go to matchup or profile I get the error.  My Team page does work, but shows my team as empty.your team page should be fixed now.  in fact all of our team pages with an empty roster should be fixed thanks to this bug.',14,1,'2012-02-21 20:56:04',NULL,'127.0.0.1',0),(44,'Mike you never cease to amaze me with your awesome ideas.  One of the testers I brought in to this beta knows a lot about parsing save states and talked to me today about extracting exactly the data you speak about.\r\n\r\nIn fact we\'re going to discuss more details about it at the tecmo tournament in madison WI on march 3rd.\r\n\r\nIt\'s very high on my priority to add that information to the player\'s stat data.  Very high.  Maybe next beta... right now Draft is my highest priority.','Mike you never cease to amaze me with your awesome ideas.  One of the testers I brought in to this beta knows a lot about parsing save states and talked to me today about extracting exactly the data you speak about.<br/><br/>In fact we\'re going to discuss more details about it at the tecmo tournament in madison WI on march 3rd.<br/><br/>It\'s very high on my priority to add that information to the player\'s stat data.  Very high.  Maybe next beta&#8230; right now Draft is my highest priority.','Mike you never cease to amaze me with your awesome ideas.  One of the testers I brought in to this beta knows a lot about parsing save states and talked to me today about extracting exactly the data you speak about.In fact we\'re going to discuss more details about it at the tecmo tournament in madison WI on march 3rd.It\'s very high on my priority to add that information to the player\'s stat data.  Very high.  Maybe next beta&#8230; right now Draft is my highest priority.',15,1,'2012-02-21 20:59:25',NULL,'127.0.0.1',0),(45,'Mainly I want to extract the \'ol \"Condition\" variable from the game.  Might be a good idea to sit Adrian Peterson if he\'s going up against a big D and is sitting as \"Awful\" condition.  Also attributes go down and up based on condition... AP in Healthy condition is heavily juiced.  Hits harder / Runs Faster','Mainly I want to extract the &lsquo;ol &ldquo;Condition&rdquo; variable from the game.  Might be a good idea to sit Adrian Peterson if he&rsquo;s going up against a big D and is sitting as &ldquo;Awful&rdquo; condition.  Also attributes go down and up based on condition&#8230; AP in Healthy condition is heavily juiced.  Hits harder / Runs Faster','Mainly I want to extract the &lsquo;ol &ldquo;Condition&rdquo; variable from the game.  Might be a good idea to sit Adrian Peterson if he&rsquo;s going up against a big D and is sitting as &ldquo;Awful&rdquo; condition.  Also attributes go down and up based on condition&#8230; AP in Healthy condition is heavily juiced.  Hits harder / Runs Faster',15,1,'2012-02-21 21:00:44',NULL,'127.0.0.1',0),(46,'apple cores, old receipts, bottle caps.','apple cores, old receipts, bottle caps.','apple cores, old receipts, bottle caps.',3,18,'2012-02-21 22:32:18',NULL,'127.0.0.1',0),(47,'I haven\'t integrated them into the UI yet but you can get a good idea of who has been doping this season by going to:\r\n\r\nhttp://www.tecmofantasybowl.com/research/position\r\n\r\njust replace \"position\" with QB, RB, WR, TE, or K.\r\n\r\nThere may be some gems left out there.\r\n\r\nThese research pages are what I want to eventually turn the \"Players\" tab into... only have it be a searchable form.','I haven\'t integrated them into the UI yet but you can get a good idea of who has been doping this season by going to:<br/><br/><a href=\"http://www.tecmofantasybowl.com/research/position\">http://www.tecmofantasybowl.com/research/position</a><br/><br/>just replace &ldquo;position&rdquo; with QB, RB, WR, TE, or K.<br/><br/>There may be some gems left out there.<br/><br/>These research pages are what I want to eventually turn the &ldquo;Players&rdquo; tab into&#8230; only have it be a searchable form.','I haven\'t integrated them into the UI yet but you can get a good idea of who has been doping this season by going to:http://www.tecmofantasybowl.com/research/positionjust replace &ldquo;position&rdquo; with QB, RB, WR, TE, or K.There may be some gems left out there.These research pages are what I want to eventually turn the &ldquo;Players&rdquo; tab into&#8230; only have it be a searchable form.',16,1,'2012-02-21 23:26:50',NULL,'127.0.0.1',0),(48,'When I\'m on the match up screen I can see who has played and who hasn\'t. Thins would be a nice place to be able to add or drop players. When I pull open my players stat card why not have a drop button? ','When I\'m on the match up screen I can see who has played and who hasn\'t. Thins would be a nice place to be able to add or drop players. When I pull open my players stat card why not have a drop button? ','When I\'m on the match up screen I can see who has played and who hasn\'t. Thins would be a nice place to be able to add or drop players. When I pull open my players stat card why not have a drop button? ',17,26,'2012-02-22 10:22:19',NULL,'127.0.0.1',0),(49,'A bug still in week 2','A bug still in week 2','A bug still in week 2',18,20,'2012-02-22 20:56:01',NULL,'127.0.0.1',0),(50,'thanks for reminding me. Fixed now.  Week 3 FGs should now score at 3pts per FG.\r\n\r\nThis fix is not retroactive because i\'m lazy as shit.','thanks for reminding me. Fixed now.  Week 3 FGs should now score at 3pts per FG.<br/><br/>This fix is not retroactive because i\'m lazy as shit.','thanks for reminding me. Fixed now.  Week 3 FGs should now score at 3pts per FG.This fix is not retroactive because i\'m lazy as shit.',18,1,'2012-02-22 23:15:59',NULL,'127.0.0.1',0),(51,'kickers are god damned beasts now man.  3pts per FG seems too much seeing as average kicker gets 3-4 FG a game.','kickers are god damned beasts now man.  3pts per FG seems too much seeing as average kicker gets 3-4 FG a game.','kickers are god damned beasts now man.  3pts per FG seems too much seeing as average kicker gets 3-4 FG a game.',18,1,'2012-02-22 23:44:10',NULL,'127.0.0.1',0),(52,'what if i gave 1pt per FG with a bonus of +2pts added after 4 FG.  I don\'t know how to capture LNG yds of FG so i can\'t categorize them but I can push a bonus based on kicking a lot of them.','what if i gave 1pt per FG with a bonus of +2pts added after 4 FG.  I don\'t know how to capture LNG yds of FG so i can\'t categorize them but I can push a bonus based on kicking a lot of them.','what if i gave 1pt per FG with a bonus of +2pts added after 4 FG.  I don\'t know how to capture LNG yds of FG so i can\'t categorize them but I can push a bonus based on kicking a lot of them.',18,1,'2012-02-23 13:31:44',NULL,'127.0.0.1',0),(53,'There was a bug I actually caught while thinking about how the player lock worked related to dropping a player that is on a bye week.\r\n\r\nOf course when I tinker with drop logic please make sure to continue testing it.  Try dropping players who should be allowed, try dropping players who have played, try dropping players who are on a bye.  They should all still work - but you never really know.','There was a bug I actually caught while thinking about how the player lock worked related to dropping a player that is on a bye week.<br/><br/>Of course when I tinker with drop logic please make sure to continue testing it.  Try dropping players who should be allowed, try dropping players who have played, try dropping players who are on a bye.  They should all still work - but you never really know.','There was a bug I actually caught while thinking about how the player lock worked related to dropping a player that is on a bye week.Of course when I tinker with drop logic please make sure to continue testing it.  Try dropping players who should be allowed, try dropping players who have played, try dropping players who are on a bye.  They should all still work - but you never really know.',19,1,'2012-02-23 13:33:22',NULL,'127.0.0.1',0),(54,'apparently when you drop a player on a bye you can\'t pick them back up in case you change your mind.  Looking in to this bug.','apparently when you drop a player on a bye you can\'t pick them back up in case you change your mind.  Looking in to this bug.','apparently when you drop a player on a bye you can\'t pick them back up in case you change your mind.  Looking in to this bug.',19,1,'2012-02-23 22:45:47',NULL,'127.0.0.1',0),(55,'Wow, one thing I learned tonight is DO NOT COME BETWEEN MY WIFE AND HER MICHAEL VICK!\r\n\r\nI\'ve never felt so intimidated to push a code fix in my life!  This is my new Quality Assurance nightmare.\r\n\r\nSarah: \"Hey, I just dropped Vick cause he\'s on a bye but I want him back because He\'s too good to let go\"\r\nJoel: \"Well that must be a bug, i\'ll take a look at it later\"\r\nSarah: <speaks in tongues>\r\nJoel: <face melts>\r\n2 hours later...\r\nJoel: \"Hey I fixed the bug!\"\r\nSarah: <sound asleep>\r\nJoel: \"Giggity.\"\r\n\r\nlong story short players on a bye week were being excluded from the list of available players.  Double that with not being able to drop players on a bye and I think I can just about wrap this Bye add/drop issue up.  I think!','Wow, one thing I learned tonight is DO NOT COME BETWEEN MY WIFE AND HER MICHAEL VICK!<br/><br/>I\'ve never felt so intimidated to push a code fix in my life!  This is my new Quality Assurance nightmare.<br/><br/>Sarah: &ldquo;Hey, I just dropped Vick cause he\'s on a bye but I want him back because He\'s too good to let go&rdquo;<br/>Joel: &ldquo;Well that must be a bug, i\'ll take a look at it later&rdquo;<br/>Sarah: &lt;speaks in tongues&gt;<br/>Joel: &lt;face melts&gt;<br/>2 hours later&#8230;<br/>Joel: &ldquo;Hey I fixed the bug!&rdquo;<br/>Sarah: &lt;sound asleep&gt;<br/>Joel: &ldquo;Giggity.&rdquo;<br/><br/>long story short players on a bye week were being excluded from the list of available players.  Double that with not being able to drop players on a bye and I think I can just about wrap this Bye add/drop issue up.  I think!','Wow, one thing I learned tonight is DO NOT COME BETWEEN MY WIFE AND HER MICHAEL VICK!I\'ve never felt so intimidated to push a code fix in my life!  This is my new Quality Assurance nightmare.Sarah: &ldquo;Hey, I just dropped Vick cause he\'s on a bye but I want him back because He\'s too good to let go&rdquo;Joel: &ldquo;Well that must be a bug, i\'ll take a look at it later&rdquo;Sarah: <speaks in tongues>Joel: <face melts>2 hours later&#8230;Joel: &ldquo;Hey I fixed the bug!&rdquo;Sarah: <sound asleep>Joel: &ldquo;Giggity.&rdquo;long story short players on a bye week were being excluded from the list of available players.  Double that with not being able to drop players on a bye and I think I can just about wrap this Bye add/drop issue up.  I think!',20,1,'2012-02-23 23:48:56',NULL,'127.0.0.1',0),(56,'yikes, introduced one hell of a doozy bug with that one.  Notice both my wife and I now have michael vick on our roster.  I\'ll have to spend a little bit more time fixing this bug... but hey - while i\'ve got vick on my roster I may as well live it up.','yikes, introduced one hell of a doozy bug with that one.  Notice both my wife and I now have michael vick on our roster.  I\'ll have to spend a little bit more time fixing this bug&#8230; but hey - while i\'ve got vick on my roster I may as well live it up.','yikes, introduced one hell of a doozy bug with that one.  Notice both my wife and I now have michael vick on our roster.  I\'ll have to spend a little bit more time fixing this bug&#8230; but hey - while i\'ve got vick on my roster I may as well live it up.',20,1,'2012-02-23 23:51:50',NULL,'127.0.0.1',0),(57,'oh yeah, i reverted the change to keep this from happening again.','oh yeah, i reverted the change to keep this from happening again.','oh yeah, i reverted the change to keep this from happening again.',20,1,'2012-02-23 23:52:11',NULL,'127.0.0.1',0),(58,'Just a reminder than the banner you are probably seeing right now means that no adds/drops you make will be saved.\r\n\r\nI broke the site really bad and totally violated a lot of player add/drop logic that I just don\'t have the energy to dig through.  So have fun and make your dream roster.  It\'s a mess right now.  I\'ll fix it tomorrow.','Just a reminder than the banner you are probably seeing right now means that no adds/drops you make will be saved.<br/><br/>I broke the site really bad and totally violated a lot of player add/drop logic that I just don\'t have the energy to dig through.  So have fun and make your dream roster.  It\'s a mess right now.  I\'ll fix it tomorrow.','Just a reminder than the banner you are probably seeing right now means that no adds/drops you make will be saved.I broke the site really bad and totally violated a lot of player add/drop logic that I just don\'t have the energy to dig through.  So have fun and make your dream roster.  It\'s a mess right now.  I\'ll fix it tomorrow.',21,1,'2012-02-23 23:56:30',NULL,'127.0.0.1',0),(59,'If you rush for 5 yards, this is worth 0 points as we score for only 10 point increments.\r\n\r\nIf you rush for -5 yards, you are awarded -1 point.  You shouldn\'t hit -1 until you reach -10 yards.','If you rush for 5 yards, this is worth 0 points as we score for only 10 point increments.<br/><br/>If you rush for -5 yards, you are awarded -1 point.  You shouldn\'t hit -1 until you reach -10 yards.','If you rush for 5 yards, this is worth 0 points as we score for only 10 point increments.If you rush for -5 yards, you are awarded -1 point.  You shouldn\'t hit -1 until you reach -10 yards.',22,20,'2012-02-24 11:00:10',NULL,'127.0.0.1',0),(60,'good catch, i\'ll sanitize the yard fields to 0 if negative yards.  Here is my campaign speech - No player will get negative points in this system.  \r\n\r\nYou can lose a point if during the process of a play you net a loss, but not if they are sitting at 0.\r\n\r\nVote Taddei in 2012','good catch, i\'ll sanitize the yard fields to 0 if negative yards.  Here is my campaign speech - No player will get negative points in this system.  <br/><br/>You can lose a point if during the process of a play you net a loss, but not if they are sitting at 0.<br/><br/>Vote Taddei in 2012','good catch, i\'ll sanitize the yard fields to 0 if negative yards.  Here is my campaign speech - No player will get negative points in this system.  You can lose a point if during the process of a play you net a loss, but not if they are sitting at 0.Vote Taddei in 2012',22,1,'2012-02-24 12:22:07',NULL,'127.0.0.1',0),(61,'because you guys didn\'t violate any business logic like good boys and girls I wont have to roll back any database data.  Congrats on not being jerks.\r\n\r\nIssue is fixed.  You can now drop a player who is on a bye, and pick them up if they are on a bye.','because you guys didn\'t violate any business logic like good boys and girls I wont have to roll back any database data.  Congrats on not being jerks.<br/><br/>Issue is fixed.  You can now drop a player who is on a bye, and pick them up if they are on a bye.','because you guys didn\'t violate any business logic like good boys and girls I wont have to roll back any database data.  Congrats on not being jerks.Issue is fixed.  You can now drop a player who is on a bye, and pick them up if they are on a bye.',20,1,'2012-02-24 12:23:40',NULL,'127.0.0.1',0),(62,'i like this idea.  I\'ll look into adding a way to drop a player if they belong to you from their card.\r\n\r\nI\'m going to continue to evolve how the card looks over the lifetime of this site.  I don\'t really like how it looks now.\r\n\r\nSomething like this:\r\nhttp://4.bp.blogspot.com/_iCawJE3Z3ng/Sr5RYlqtxhI/AAAAAAAAAzs/xEiDiYYpMoM/s400/tecmo_super_bowl_1.png','i like this idea.  I\'ll look into adding a way to drop a player if they belong to you from their card.<br/><br/>I\'m going to continue to evolve how the card looks over the lifetime of this site.  I don\'t really like how it looks now.<br/><br/>Something like this:<br/><a href=\"http://4.bp.blogspot.com/_iCawJE3Z3ng/Sr5RYlqtxhI/AAAAAAAAAzs/xEiDiYYpMoM/s400/tecmo_super_bowl_1.png\">http://4.bp.blogspot.com/_iCawJE3Z3ng/Sr5RYlqtxhI/AAAAAAAAAzs/xEiDiYYpMoM/s400/tecmo_super_bowl_1.png</a>','i like this idea.  I\'ll look into adding a way to drop a player if they belong to you from their card.I\'m going to continue to evolve how the card looks over the lifetime of this site.  I don\'t really like how it looks now.Something like this:http://4.bp.blogspot.com/_iCawJE3Z3ng/Sr5RYlqtxhI/AAAAAAAAAzs/xEiDiYYpMoM/s400/tecmo_super_bowl_1.png',17,1,'2012-02-24 12:29:36',NULL,'127.0.0.1',0),(63,'Fixed, remainder of week 8 will reflect new changes as stated:\r\n\r\nIf a player throws for a net negative yards, they will earn 0 pts for PasYDS\r\n\r\nIf a player runs for a net negative yards, they will earn 0 pts for RusYDS\r\n\r\nIf a player catches for a net negative yards, they will earn 0 pts for RecYDS\r\n\r\nThis applies to all positions.\r\n\r\nI hate negative points in fantasy football and they have no place here as long as i\'m in charge.\r\n\r\n','Fixed, remainder of week 8 will reflect new changes as stated:<br/><br/>If a player throws for a net negative yards, they will earn 0 pts for PasYDS<br/><br/>If a player runs for a net negative yards, they will earn 0 pts for RusYDS<br/><br/>If a player catches for a net negative yards, they will earn 0 pts for RecYDS<br/><br/>This applies to all positions.<br/><br/>I hate negative points in fantasy football and they have no place here as long as i\'m in charge.<br/><br/>','Fixed, remainder of week 8 will reflect new changes as stated:If a player throws for a net negative yards, they will earn 0 pts for PasYDSIf a player runs for a net negative yards, they will earn 0 pts for RusYDSIf a player catches for a net negative yards, they will earn 0 pts for RecYDSThis applies to all positions.I hate negative points in fantasy football and they have no place here as long as i\'m in charge.',22,1,'2012-02-24 22:57:27',NULL,'127.0.0.1',0),(64,'tentatively fixed, would like to add more female profile pictures.  2 are in now.','tentatively fixed, would like to add more female profile pictures.  2 are in now.','tentatively fixed, would like to add more female profile pictures.  2 are in now.',8,1,'2012-02-24 23:22:07',NULL,'127.0.0.1',0),(65,'marking this as fixed since all feature req / bugs / clarification issues have been addressed. ','marking this as fixed since all feature req / bugs / clarification issues have been addressed. ','marking this as fixed since all feature req / bugs / clarification issues have been addressed. ',14,1,'2012-02-25 12:11:21',NULL,'127.0.0.1',0),(66,'You will notice some minor and major (i\'d like to call them) improvements to your navigating experience as you traverse the site.\r\n\r\nMostly this is all about increasing the amount of data you see in fewer places.  That means that you shouldn\'t have to click across 3 different pages on the site to get related data.  Changes include:\r\n\r\nMatchup\r\n- When you click on your own player to view their stats you have the option to drop them.\r\n- There is now a (B) added to the player\'s name if they are on a bye week.\r\n- When you look at a matchup it will show all of the matchups for that week at the bottom of the page so you can keep tabs on all of the scores.  The week of the matchups shown are dependent on which matchup you\'re looking at.  (Week 3 matchup will show all week 3 matchups)\r\n\r\nMy Team\r\n- Players with a Grey background are on a bye week.\r\n- You can now drop and add players to your team from the \"My Team\" tab.\r\n- You can also drop a player while looking at their stats (just like in the matchup page).\r\n\r\nOther People\'s Team\r\n- No new features, just want to let you know that none of the features in the above \"My Team\" page are in the \"Other Team\" page... you can\'t see their byes unless you look at their matchup.  Strategery indeed.\r\n\r\nProfile\r\n- Removed \"Quick Roster\"\r\n- Planning on adding \"Trophies and Achievements\" section.  I have plans for xbox live style unlockables and trophies for top 3 finishers in seasons.  This will go where the quickroster was.\r\n\r\nI hope you like the UI improvements.\r\n\r\nOn the radar next is the Player tab. ','You will notice some minor and major (i\'d like to call them) improvements to your navigating experience as you traverse the site.<br/><br/>Mostly this is all about increasing the amount of data you see in fewer places.  That means that you shouldn\'t have to click across 3 different pages on the site to get related data.  Changes include:<br/><br/>Matchup<br/>- When you click on your own player to view their stats you have the option to drop them.<br/>- There is now a (B) added to the player\'s name if they are on a bye week.<br/>- When you look at a matchup it will show all of the matchups for that week at the bottom of the page so you can keep tabs on all of the scores.  The week of the matchups shown are dependent on which matchup you\'re looking at.  (Week 3 matchup will show all week 3 matchups)<br/><br/>My Team<br/>- Players with a Grey background are on a bye week.<br/>- You can now drop and add players to your team from the &ldquo;My Team&rdquo; tab.<br/>- You can also drop a player while looking at their stats (just like in the matchup page).<br/><br/>Other People\'s Team<br/>- No new features, just want to let you know that none of the features in the above &ldquo;My Team&rdquo; page are in the &ldquo;Other Team&rdquo; page&#8230; you can\'t see their byes unless you look at their matchup.  Strategery indeed.<br/><br/>Profile<br/>- Removed &ldquo;Quick Roster&rdquo;<br/>- Planning on adding &ldquo;Trophies and Achievements&rdquo; section.  I have plans for xbox live style unlockables and trophies for top 3 finishers in seasons.  This will go where the quickroster was.<br/><br/>I hope you like the UI improvements.<br/><br/>On the radar next is the Player tab. ','You will notice some minor and major (i\'d like to call them) improvements to your navigating experience as you traverse the site.Mostly this is all about increasing the amount of data you see in fewer places.  That means that you shouldn\'t have to click across 3 different pages on the site to get related data.  Changes include:Matchup- When you click on your own player to view their stats you have the option to drop them.- There is now a (B) added to the player\'s name if they are on a bye week.- When you look at a matchup it will show all of the matchups for that week at the bottom of the page so you can keep tabs on all of the scores.  The week of the matchups shown are dependent on which matchup you\'re looking at.  (Week 3 matchup will show all week 3 matchups)My Team- Players with a Grey background are on a bye week.- You can now drop and add players to your team from the &ldquo;My Team&rdquo; tab.- You can also drop a player while looking at their stats (just like in the matchup page).Other People\'s Team- No new features, just want to let you know that none of the features in the above &ldquo;My Team&rdquo; page are in the &ldquo;Other Team&rdquo; page&#8230; you can\'t see their byes unless you look at their matchup.  Strategery indeed.Profile- Removed &ldquo;Quick Roster&rdquo;- Planning on adding &ldquo;Trophies and Achievements&rdquo; section.  I have plans for xbox live style unlockables and trophies for top 3 finishers in seasons.  This will go where the quickroster was.I hope you like the UI improvements.On the radar next is the Player tab. ',23,1,'2012-02-25 19:05:32',NULL,'127.0.0.1',0),(67,'also fixed that pesky bug on a player\'s \"card\" that wouldn\'t show their current week stats... oh how important changing a > to >= can be.','also fixed that pesky bug on a player\'s &ldquo;card&rdquo; that wouldn\'t show their current week stats&#8230; oh how important changing a &gt; to &gt;= can be.','also fixed that pesky bug on a player\'s &ldquo;card&rdquo; that wouldn\'t show their current week stats&#8230; oh how important changing a > to >= can be.',23,1,'2012-02-25 19:59:17',NULL,'127.0.0.1',0),(68,'feature was added to drop a player from their stat sheet.  Anywhere you can view this sheet and they are on your team you will have the option to drop the player.\r\n\r\nDrop logic is still enforced though... if they have played during the current week... they can\'t be dropped.','feature was added to drop a player from their stat sheet.  Anywhere you can view this sheet and they are on your team you will have the option to drop the player.<br/><br/>Drop logic is still enforced though&#8230; if they have played during the current week&#8230; they can\'t be dropped.','feature was added to drop a player from their stat sheet.  Anywhere you can view this sheet and they are on your team you will have the option to drop the player.Drop logic is still enforced though&#8230; if they have played during the current week&#8230; they can\'t be dropped.',17,1,'2012-02-25 20:26:17',NULL,'127.0.0.1',0),(69,'This was a huge amount of work to do in so little time.  I had already built the list table and just had to build the navigation around them.\r\n\r\nRight now you can search for individual players, you can get a top 10 list of each position, or you can just see all of the players in that position.\r\n\r\nThere were a lot of little details that went into making that page, i\'m trying to move away from using URL context to provide navigation within a feature - unfortunately this makes for massive and unhealthy to maintain - templates.\r\n\r\nI hope you guys like the new page(s)','This was a huge amount of work to do in so little time.  I had already built the list table and just had to build the navigation around them.<br/><br/>Right now you can search for individual players, you can get a top 10 list of each position, or you can just see all of the players in that position.<br/><br/>There were a lot of little details that went into making that page, i\'m trying to move away from using URL context to provide navigation within a feature - unfortunately this makes for massive and unhealthy to maintain - templates.<br/><br/>I hope you guys like the new page(s)','This was a huge amount of work to do in so little time.  I had already built the list table and just had to build the navigation around them.Right now you can search for individual players, you can get a top 10 list of each position, or you can just see all of the players in that position.There were a lot of little details that went into making that page, i\'m trying to move away from using URL context to provide navigation within a feature - unfortunately this makes for massive and unhealthy to maintain - templates.I hope you guys like the new page(s)',24,1,'2012-02-25 23:45:06',NULL,'127.0.0.1',0),(70,'closing this thread as research tools are now rolled into players tab.','closing this thread as research tools are now rolled into players tab.','closing this thread as research tools are now rolled into players tab.',16,1,'2012-02-25 23:53:41',NULL,'127.0.0.1',0),(71,'It looks like nobody on Arizona thinks they have a bye week ever.  Putting this on the list of things to look into.\r\n\r\nHad a problem a long time ago with Arizona screwing up because it was trying to use ARZ not ARI, or something like that.','It looks like nobody on Arizona thinks they have a bye week ever.  Putting this on the list of things to look into.<br/><br/>Had a problem a long time ago with Arizona screwing up because it was trying to use ARZ not ARI, or something like that.','It looks like nobody on Arizona thinks they have a bye week ever.  Putting this on the list of things to look into.Had a problem a long time ago with Arizona screwing up because it was trying to use ARZ not ARI, or something like that.',25,1,'2012-02-26 22:24:15',NULL,'127.0.0.1',0),(72,'Add button to the \"Top Available\" list in the players tab.\r\n\r\nWill require some drop/add logic if you\'re trying to add someone and you don\'t have that spot open.  Not needed now but in the future would be nice.\r\n\r\n<note to self/>','Add button to the &ldquo;Top Available&rdquo; list in the players tab.<br/><br/>Will require some drop/add logic if you\'re trying to add someone and you don\'t have that spot open.  Not needed now but in the future would be nice.<br/><br/>&lt;note to self/&gt;','Add button to the &ldquo;Top Available&rdquo; list in the players tab.Will require some drop/add logic if you\'re trying to add someone and you don\'t have that spot open.  Not needed now but in the future would be nice.<note to self/>',26,1,'2012-02-26 22:26:26',NULL,'127.0.0.1',0),(73,'How do I tell if someone is injured?','How do I tell if someone is injured?','How do I tell if someone is injured?',27,29,'2012-02-27 14:30:10',NULL,'127.0.0.1',0),(74,'The only way now is if you look in their player card and the stats for the week are red. Bam injured.  I will be expanding on the health attrib sooooooon.','The only way now is if you look in their player card and the stats for the week are red. Bam injured.  I will be expanding on the health attrib sooooooon.','The only way now is if you look in their player card and the stats for the week are red. Bam injured.  I will be expanding on the health attrib sooooooon.',27,1,'2012-02-27 19:03:12',NULL,'127.0.0.1',0),(75,'Okay because I didn\'t write the stat extractor it only knew how to do what it was told to do by it\'s previous master.  Because of that it didn\'t really know how to handle injured players the week after they were injured and also when they came back.\r\n\r\nPreviously:  If a player was injured in Week X, they would earn the points for that week they had earned up to that point and be marked as INJURED.  The next week if they had not healed they would be marked as OK but not get any points.  There was no way to know based on the parsed stat files when the player had came back from injured and started earning points.\r\n\r\nI rewrote a little of my stat parser/formatter/uploader to account for a player being injured the previous week and still being injured. Starting (mainly week 9) you will notice players will be marked as INJURED for the whole duration of their injury.  \r\n\r\nThis is pretty sweet because I can keep a live track of a player\'s injury status now, before it was based on their previous week, and if they were out for more than 1 week their previous injury status would have been OK... majorly bad.\r\n\r\nGood Fix :)','Okay because I didn\'t write the stat extractor it only knew how to do what it was told to do by it\'s previous master.  Because of that it didn\'t really know how to handle injured players the week after they were injured and also when they came back.<br/><br/>Previously:  If a player was injured in Week X, they would earn the points for that week they had earned up to that point and be marked as INJURED.  The next week if they had not healed they would be marked as OK but not get any points.  There was no way to know based on the parsed stat files when the player had came back from injured and started earning points.<br/><br/>I rewrote a little of my stat parser/formatter/uploader to account for a player being injured the previous week and still being injured. Starting (mainly week 9) you will notice players will be marked as INJURED for the whole duration of their injury.  <br/><br/>This is pretty sweet because I can keep a live track of a player\'s injury status now, before it was based on their previous week, and if they were out for more than 1 week their previous injury status would have been OK&#8230; majorly bad.<br/><br/>Good Fix <img src=\"/static/pybb/emoticons/smile.png\" alt=\"smile\" />','Okay because I didn\'t write the stat extractor it only knew how to do what it was told to do by it\'s previous master.  Because of that it didn\'t really know how to handle injured players the week after they were injured and also when they came back.Previously:  If a player was injured in Week X, they would earn the points for that week they had earned up to that point and be marked as INJURED.  The next week if they had not healed they would be marked as OK but not get any points.  There was no way to know based on the parsed stat files when the player had came back from injured and started earning points.I rewrote a little of my stat parser/formatter/uploader to account for a player being injured the previous week and still being injured. Starting (mainly week 9) you will notice players will be marked as INJURED for the whole duration of their injury.  This is pretty sweet because I can keep a live track of a player\'s injury status now, before it was based on their previous week, and if they were out for more than 1 week their previous injury status would have been OK&#8230; majorly bad.Good Fix ',28,1,'2012-02-27 22:41:52',NULL,'127.0.0.1',0),(76,'I\'m going to be rolling the database back to the end of week 7 sims and totally erasing any roster changes you made during the season.  Your win/loss up to week 7 will reflect how your original (shitty) roster did up to that point.\r\n\r\npremptive stop your little bitching, you knew this would happen.\r\n\r\nI\'m putting my new injury tracking code under stress.  You guys need to earn your damn coveted BETA TESTER trophy somehow right?  Will roll it back sometime tonight, depending on when I muster up the courage to tell my (beta tester wife)','I\'m going to be rolling the database back to the end of week 7 sims and totally erasing any roster changes you made during the season.  Your win/loss up to week 7 will reflect how your original (shitty) roster did up to that point.<br/><br/>premptive stop your little bitching, you knew this would happen.<br/><br/>I\'m putting my new injury tracking code under stress.  You guys need to earn your damn coveted BETA TESTER trophy somehow right?  Will roll it back sometime tonight, depending on when I muster up the courage to tell my (beta tester wife)','I\'m going to be rolling the database back to the end of week 7 sims and totally erasing any roster changes you made during the season.  Your win/loss up to week 7 will reflect how your original (shitty) roster did up to that point.premptive stop your little bitching, you knew this would happen.I\'m putting my new injury tracking code under stress.  You guys need to earn your damn coveted BETA TESTER trophy somehow right?  Will roll it back sometime tonight, depending on when I muster up the courage to tell my (beta tester wife)',29,1,'2012-02-27 22:46:31',NULL,'127.0.0.1',0),(77,'rollback went off without a single error!  I managed to salvage your week 8 roster, the problem was that i didn\'t save any of your roster changes before that.  So whatever you week 8 roster was, it was your roster from week 1 for point calculation.\r\n\r\nobviously this has created a different outcome so far - so I hope you enjoyed it.\r\n\r\nWhat will you benefit from it?  When i put my front end checks in for injury status you will have much much MUCH more accurate reporting on if a player is injured or not.\r\n\r\nTime for bed.  Enjoy!','rollback went off without a single error!  I managed to salvage your week 8 roster, the problem was that i didn\'t save any of your roster changes before that.  So whatever you week 8 roster was, it was your roster from week 1 for point calculation.<br/><br/>obviously this has created a different outcome so far - so I hope you enjoyed it.<br/><br/>What will you benefit from it?  When i put my front end checks in for injury status you will have much much MUCH more accurate reporting on if a player is injured or not.<br/><br/>Time for bed.  Enjoy!','rollback went off without a single error!  I managed to salvage your week 8 roster, the problem was that i didn\'t save any of your roster changes before that.  So whatever you week 8 roster was, it was your roster from week 1 for point calculation.obviously this has created a different outcome so far - so I hope you enjoyed it.What will you benefit from it?  When i put my front end checks in for injury status you will have much much MUCH more accurate reporting on if a player is injured or not.Time for bed.  Enjoy!',29,1,'2012-02-27 23:23:06',NULL,'127.0.0.1',0),(78,'implemented the first part of this fix tonight. There are front end aspects that show injury status, but they aren\'t really hashed out and finalized yet. Immediate future will hold more concrete design decision.','implemented the first part of this fix tonight. There are front end aspects that show injury status, but they aren\'t really hashed out and finalized yet. Immediate future will hold more concrete design decision.','implemented the first part of this fix tonight. There are front end aspects that show injury status, but they aren\'t really hashed out and finalized yet. Immediate future will hold more concrete design decision.',27,1,'2012-02-27 23:29:58',NULL,'127.0.0.1',0),(79,'are bugged now, i know - will fix this tomorrow.  It\'s my own stupid fault.','are bugged now, i know - will fix this tomorrow.  It\'s my own stupid fault.','are bugged now, i know - will fix this tomorrow.  It\'s my own stupid fault.',30,1,'2012-02-27 23:30:50',NULL,'127.0.0.1',0),(80,'pretty sure I fixed this over lunch - can\'t test it locally and can\'t ssh in to restart server.  We\'ll see!','pretty sure I fixed this over lunch - can\'t test it locally and can\'t ssh in to restart server.  We\'ll see!','pretty sure I fixed this over lunch - can\'t test it locally and can\'t ssh in to restart server.  We\'ll see!',30,1,'2012-02-28 12:20:14',NULL,'127.0.0.1',0),(81,'confirmed fixed, even fixed atlanta\'s mystery missing bye weeks.','confirmed fixed, even fixed atlanta\'s mystery missing bye weeks.','confirmed fixed, even fixed atlanta\'s mystery missing bye weeks.',30,1,'2012-02-28 12:28:49',NULL,'127.0.0.1',0),(89,'This is now my top priority with manual draft being at it\'s level of completion.','This is now my top priority with manual draft being at it\'s level of completion.','This is now my top priority with manual draft being at it\'s level of completion.',26,1,'2012-03-13 22:15:42',NULL,'127.0.0.1',0),(90,'this guy is currently undraftable in my manual draft entry feature because he exists both on the NYG AND freaking CAR.  Give me CAR steve smith any day... maybe I should just rename NYG Steve Smith to \"Steve Smith 2\".\r\n\r\nProblem also exists with \"Mike Williams\".\r\n\r\nThanks a lot people who aren\'t creative in naming their kids.','this guy is currently undraftable in my manual draft entry feature because he exists both on the NYG AND freaking CAR.  Give me CAR steve smith any day&#8230; maybe I should just rename NYG Steve Smith to &ldquo;Steve Smith 2&rdquo;.<br/><br/>Problem also exists with &ldquo;Mike Williams&rdquo;.<br/><br/>Thanks a lot people who aren\'t creative in naming their kids.','this guy is currently undraftable in my manual draft entry feature because he exists both on the NYG AND freaking CAR.  Give me CAR steve smith any day&#8230; maybe I should just rename NYG Steve Smith to &ldquo;Steve Smith 2&rdquo;.Problem also exists with &ldquo;Mike Williams&rdquo;.Thanks a lot people who aren\'t creative in naming their kids.',34,1,'2012-03-13 22:19:39',NULL,'127.0.0.1',0),(84,'On my Droid when clicking on the stats table it thinks Its a phone number and opens the dialer with the nearest 7 digits','On my Droid when clicking on the stats table it thinks Its a phone number and opens the dialer with the nearest 7 digits','On my Droid when clicking on the stats table it thinks Its a phone number and opens the dialer with the nearest 7 digits',32,30,'2012-03-01 19:49:47',NULL,'127.0.0.1',0),(85,'Clicking on players doesnt always bring up players card on phone either','Clicking on players doesnt always bring up players card on phone either','Clicking on players doesnt always bring up players card on phone either',32,30,'2012-03-01 19:56:33',NULL,'127.0.0.1',0),(86,'yikes!  That\'s a funky bug.  I\'ll have to see it on your phone.','yikes!  That\'s a funky bug.  I\'ll have to see it on your phone.','yikes!  That\'s a funky bug.  I\'ll have to see it on your phone.',32,1,'2012-03-01 20:23:43',NULL,'127.0.0.1',0),(87,'Got something resembling a manual draft entry process.  Of course it\'s not 100% but it\'s damn near 99.99%!  I expect there to be many bugs and many more hours working on it but damn.  I did it!\r\n\r\nRight now it does this:\r\n\r\nSees that you have 10 teams in your league and you do not have any draft data & offers to create a draft for you.\r\nCreates a draft containing a randomized order of all teams in your league.\r\nAllows commissioner to manually enter each of the Draft Rounds team by team (7 rounds of 10 players).\r\nFinal Step allows commish to verify all picks are on the right teams (so far if they made a mistake oh well).\r\nConverts all draft data into week 1 roster for each team.  Roster data is then used for stat calculation.\r\n\r\nAll the while:\r\nEvery time you advance forward in the draft it validates:\r\nThere are no duplicate players in the round... no drafting Tom Brady 5 times.\r\nThe player is available to be drafted... don\'t try to draft Tom Brady in different rounds.\r\nThe team does not exceed the max number of players per position... Stop trying to draft Tom Brady!\r\n\r\nUnfortunately some of the errors cause catastrophic failure meaning if it\'s the first time you are entering the picks and you miss enter a player, all entries are lost.\r\n\r\nAlso a workaround for deleting a player from a draft round is to just erase their name and click \"Next\".  Next will not advance the round because not everyone has drafted, and it will refresh the page with the empty draft spot.  Although an easier way around that is to just replace the players name with the new (Available) players name.  I guess if you need to switch a pick to a different team in the round that\'s how you do it.  Just empty out both boxes and switch them.\r\n\r\nCan\'t wait for Commish Beta to test it out!','Got something resembling a manual draft entry process.  Of course it\'s not 100% but it\'s damn near 99.99%!  I expect there to be many bugs and many more hours working on it but damn.  I did it!<br/><br/>Right now it does this:<br/><br/>Sees that you have 10 teams in your league and you do not have any draft data &amp; offers to create a draft for you.<br/>Creates a draft containing a randomized order of all teams in your league.<br/>Allows commissioner to manually enter each of the Draft Rounds team by team (7 rounds of 10 players).<br/>Final Step allows commish to verify all picks are on the right teams (so far if they made a mistake oh well).<br/>Converts all draft data into week 1 roster for each team.  Roster data is then used for stat calculation.<br/><br/>All the while:<br/>Every time you advance forward in the draft it validates:<br/>There are no duplicate players in the round&#8230; no drafting Tom Brady 5 times.<br/>The player is available to be drafted&#8230; don\'t try to draft Tom Brady in different rounds.<br/>The team does not exceed the max number of players per position&#8230; Stop trying to draft Tom Brady!<br/><br/>Unfortunately some of the errors cause catastrophic failure meaning if it\'s the first time you are entering the picks and you miss enter a player, all entries are lost.<br/><br/>Also a workaround for deleting a player from a draft round is to just erase their name and click &ldquo;Next&rdquo;.  Next will not advance the round because not everyone has drafted, and it will refresh the page with the empty draft spot.  Although an easier way around that is to just replace the players name with the new (Available) players name.  I guess if you need to switch a pick to a different team in the round that\'s how you do it.  Just empty out both boxes and switch them.<br/><br/>Can\'t wait for Commish Beta to test it out!','Got something resembling a manual draft entry process.  Of course it\'s not 100% but it\'s damn near 99.99%!  I expect there to be many bugs and many more hours working on it but damn.  I did it!Right now it does this:Sees that you have 10 teams in your league and you do not have any draft data & offers to create a draft for you.Creates a draft containing a randomized order of all teams in your league.Allows commissioner to manually enter each of the Draft Rounds team by team (7 rounds of 10 players).Final Step allows commish to verify all picks are on the right teams (so far if they made a mistake oh well).Converts all draft data into week 1 roster for each team.  Roster data is then used for stat calculation.All the while:Every time you advance forward in the draft it validates:There are no duplicate players in the round&#8230; no drafting Tom Brady 5 times.The player is available to be drafted&#8230; don\'t try to draft Tom Brady in different rounds.The team does not exceed the max number of players per position&#8230; Stop trying to draft Tom Brady!Unfortunately some of the errors cause catastrophic failure meaning if it\'s the first time you are entering the picks and you miss enter a player, all entries are lost.Also a workaround for deleting a player from a draft round is to just erase their name and click &ldquo;Next&rdquo;.  Next will not advance the round because not everyone has drafted, and it will refresh the page with the empty draft spot.  Although an easier way around that is to just replace the players name with the new (Available) players name.  I guess if you need to switch a pick to a different team in the round that\'s how you do it.  Just empty out both boxes and switch them.Can\'t wait for Commish Beta to test it out!',33,1,'2012-03-12 21:53:37',NULL,'127.0.0.1',0),(88,'to clarify the \"catastrophic\" failure above:\r\n\r\nIf are in round 3 of entry and you spell Chris Johnson as Chris Johnso then when you go to advance, you will have to re-enter all of your Round 3 picks.\r\n\r\nI of course don\'t like this and will have to find a good way to solve it.','to clarify the &ldquo;catastrophic&rdquo; failure above:<br/><br/>If are in round 3 of entry and you spell Chris Johnson as Chris Johnso then when you go to advance, you will have to re-enter all of your Round 3 picks.<br/><br/>I of course don\'t like this and will have to find a good way to solve it.','to clarify the &ldquo;catastrophic&rdquo; failure above:If are in round 3 of entry and you spell Chris Johnson as Chris Johnso then when you go to advance, you will have to re-enter all of your Round 3 picks.I of course don\'t like this and will have to find a good way to solve it.',33,1,'2012-03-12 21:55:41',NULL,'127.0.0.1',0),(91,'For some reason they are still messed up somewhere in the database.  Maybe when I feel like fixing a data issue i\'ll get to it.  ugh.','For some reason they are still messed up somewhere in the database.  Maybe when I feel like fixing a data issue i\'ll get to it.  ugh.','For some reason they are still messed up somewhere in the database.  Maybe when I feel like fixing a data issue i\'ll get to it.  ugh.',35,1,'2012-03-13 22:22:52',NULL,'127.0.0.1',0),(92,'somehow ATL had their bye get set to week 4 but it should be at week 8.  Oh well - my app has corrupted the data and i\'ll have to write a script to fix it.  Not tonight.','somehow ATL had their bye get set to week 4 but it should be at week 8.  Oh well - my app has corrupted the data and i\'ll have to write a script to fix it.  Not tonight.','somehow ATL had their bye get set to week 4 but it should be at week 8.  Oh well - my app has corrupted the data and i\'ll have to write a script to fix it.  Not tonight.',35,1,'2012-03-16 23:19:45',NULL,'127.0.0.1',0),(93,'my stat processor doesn\'t seem to like it when a player gets injured, goes on a bye, and then is still injured after the bye - seems to make them Ok after that.\r\n\r\nugh.','my stat processor doesn\'t seem to like it when a player gets injured, goes on a bye, and then is still injured after the bye - seems to make them Ok after that.<br/><br/>ugh.','my stat processor doesn\'t seem to like it when a player gets injured, goes on a bye, and then is still injured after the bye - seems to make them Ok after that.ugh.',28,1,'2012-03-19 20:43:47',NULL,'127.0.0.1',0),(94,'Where does the league stand?\r\nAre we supposed to be troubleshooting anything at present?','Where does the league stand?<br/>Are we supposed to be troubleshooting anything at present?','Where does the league stand?Are we supposed to be troubleshooting anything at present?',36,29,'2012-03-27 09:53:23',NULL,'127.0.0.1',0);
/*!40000 ALTER TABLE `pybb_post` ENABLE KEYS */;
UNLOCK TABLES;

--
-- Table structure for table `pybb_profile`
--

DROP TABLE IF EXISTS `pybb_profile`;
/*!40101 SET @saved_cs_client     = @@character_set_client */;
/*!40101 SET character_set_client = utf8 */;
CREATE TABLE `pybb_profile` (
  `id` int(11) NOT NULL AUTO_INCREMENT,
  `signature` longtext NOT NULL,
  `signature_html` longtext NOT NULL,
  `time_zone` double NOT NULL,
  `language` varchar(10) NOT NULL,
  `show_signatures` tinyint(1) NOT NULL,
  `post_count` int(11) NOT NULL,
  `avatar` varchar(100) DEFAULT NULL,
  `autosubscribe` tinyint(1) NOT NULL,
  `user_id` int(11) NOT NULL,
  PRIMARY KEY (`id`),
  UNIQUE KEY `user_id` (`user_id`)
) ENGINE=MyISAM AUTO_INCREMENT=12 DEFAULT CHARSET=latin1;
/*!40101 SET character_set_client = @saved_cs_client */;

--
-- Dumping data for table `pybb_profile`
--

LOCK TABLES `pybb_profile` WRITE;
/*!40000 ALTER TABLE `pybb_profile` DISABLE KEYS */;
INSERT INTO `pybb_profile` VALUES (1,'','',3,'English',1,61,'',1,1),(2,'','',3,'English',1,1,'',1,27),(3,'','',3,'English',1,1,'',1,32),(4,'','',3,'English',1,5,'',1,18),(5,'','',3,'English',1,1,'',1,26),(6,'','',3,'English',1,3,'',1,20),(7,'','',3,'English',1,0,'',1,28),(8,'','',3,'English',1,4,'',1,30),(9,'','',3,'English',1,0,'',1,22),(10,'','',3,'English',1,5,'',1,21),(11,'','',3,'English',1,7,'',1,29);
/*!40000 ALTER TABLE `pybb_profile` ENABLE KEYS */;
UNLOCK TABLES;

--
-- Table structure for table `pybb_topic`
--

DROP TABLE IF EXISTS `pybb_topic`;
/*!40101 SET @saved_cs_client     = @@character_set_client */;
/*!40101 SET character_set_client = utf8 */;
CREATE TABLE `pybb_topic` (
  `id` int(11) NOT NULL AUTO_INCREMENT,
  `forum_id` int(11) NOT NULL,
  `name` varchar(255) NOT NULL,
  `created` datetime DEFAULT NULL,
  `updated` datetime DEFAULT NULL,
  `user_id` int(11) NOT NULL,
  `views` int(11) NOT NULL,
  `sticky` tinyint(1) NOT NULL,
  `closed` tinyint(1) NOT NULL,
  `post_count` int(11) NOT NULL,
  `on_moderation` tinyint(1) NOT NULL,
  PRIMARY KEY (`id`),
  KEY `pybb_topic_b665e7a6` (`forum_id`),
  KEY `pybb_topic_fbfc09f1` (`user_id`)
) ENGINE=MyISAM AUTO_INCREMENT=37 DEFAULT CHARSET=latin1;
/*!40101 SET character_set_client = @saved_cs_client */;

--
-- Dumping data for table `pybb_topic`
--

LOCK TABLES `pybb_topic` WRITE;
/*!40000 ALTER TABLE `pybb_topic` DISABLE KEYS */;
INSERT INTO `pybb_topic` VALUES (3,1,'Hey Guys','2012-01-26 22:26:32','2012-02-21 22:32:18',1,43,0,1,2,0),(4,1,'[NAV REQ] Players Nav','2012-02-19 12:40:50','2012-02-19 21:16:40',29,35,0,0,5,0),(5,1,'[FEATURE REQ] [CLOSED] FA List?','2012-02-19 12:41:31','2012-02-19 21:27:48',29,35,0,0,5,0),(6,1,'[FEATURE REQ] Stats','2012-02-19 12:59:57','2012-02-21 20:14:24',18,59,0,0,6,0),(7,1,'Matchup','2012-02-19 13:06:22','2012-02-19 21:20:56',18,28,0,0,4,0),(8,1,'[FIXED] For the ladies','2012-02-19 13:08:28','2012-02-24 23:22:07',18,34,0,0,3,0),(9,1,'Add/Drop Help','2012-02-19 13:10:57','2012-02-19 14:13:40',18,23,0,0,2,0),(10,1,'Forum Nav','2012-02-19 20:34:25','2012-02-19 21:14:14',29,23,0,0,2,0),(11,1,'First code push for beta','2012-02-19 21:30:43','2012-02-19 21:33:13',1,21,0,0,2,0),(12,1,'maintenance','2012-02-20 20:01:00','2012-02-20 20:52:53',1,21,0,0,2,0),(13,1,'[FIXED] Font','2012-02-21 13:49:25','2012-02-21 20:49:48',20,27,0,0,3,0),(14,1,'[FIXED] A Few Comments','2012-02-21 20:09:30','2012-02-25 12:11:21',30,31,0,0,3,0),(15,1,'This would be cool Joel!','2012-02-21 20:22:50','2012-02-21 21:00:44',21,32,0,0,3,0),(16,1,'[IMPLEMENTED] [FEATURE] Research Pages','2012-02-21 23:26:50','2012-02-25 23:53:41',1,29,0,1,2,0),(17,1,'[IMPLEMENTED] [FEATURE REQ] Drop from Player Card','2012-02-22 10:22:19','2012-02-25 20:26:17',26,32,0,0,3,0),(18,1,'[FIXED] FGs only 1 point','2012-02-22 20:56:01','2012-02-23 13:31:44',20,24,0,0,4,0),(19,1,'[FIXED] dropping a player on a bye','2012-02-23 13:33:22','2012-02-23 22:45:47',1,21,0,0,2,0),(20,1,'[FIXED] adding a player on a bye','2012-02-23 23:48:56','2012-02-24 12:23:40',1,22,0,0,4,0),(21,1,'banner reminder','2012-02-23 23:56:30','2012-02-23 23:56:30',1,15,0,1,1,0),(22,1,'[FIXED] NEGATIVE YARDAGE','2012-02-24 11:00:10','2012-02-24 22:57:27',20,21,0,0,3,0),(23,1,'[IMPLEMENTED] [Nav] Alterations to Navigation','2012-02-25 19:05:32','2012-02-25 19:59:17',1,23,0,0,2,0),(24,1,'[IMPLEMENTED] [NAV] New PLAYERS tab page','2012-02-25 23:45:06','2012-02-25 23:45:06',1,17,0,0,1,0),(25,1,'[BUG] Arizona has no bye week?','2012-02-26 22:24:15','2012-02-26 22:24:15',1,10,0,0,1,0),(26,1,'[FEATURE REQ] \"Add\" button to Top Available list','2012-02-26 22:26:26','2012-03-13 22:15:42',1,20,0,0,2,0),(27,1,'Injuries?','2012-02-27 14:30:10','2012-02-27 23:29:58',29,24,0,0,3,0),(28,1,'[BIG FIX] Injuries','2012-02-27 22:41:52','2012-03-19 20:43:47',1,25,0,0,2,0),(29,1,'[SORRY] Roll Back','2012-02-27 22:46:31','2012-02-27 23:23:06',1,23,0,0,2,0),(30,1,'[FIXED] BYE WEEKS','2012-02-27 23:30:50','2012-02-28 12:28:49',1,29,0,0,3,0),(34,1,'[Uncreative Parents] Steve Smith','2012-03-13 22:19:39','2012-03-13 22:19:39',1,11,0,0,1,0),(32,1,'phone browser','2012-03-01 19:49:47','2012-03-01 20:23:43',30,29,0,0,3,0),(33,1,'The Draft!','2012-03-12 21:53:37','2012-03-12 21:55:41',1,15,0,0,2,0),(35,1,'Atlanta Falcon\'s BYE','2012-03-13 22:22:52','2012-03-16 23:19:45',1,16,0,0,2,0),(36,1,'Current State of beta test?','2012-03-27 09:53:23','2012-03-27 09:53:23',29,16,0,0,1,0);
/*!40000 ALTER TABLE `pybb_topic` ENABLE KEYS */;
UNLOCK TABLES;

--
-- Table structure for table `pybb_topic_subscribers`
--

DROP TABLE IF EXISTS `pybb_topic_subscribers`;
/*!40101 SET @saved_cs_client     = @@character_set_client */;
/*!40101 SET character_set_client = utf8 */;
CREATE TABLE `pybb_topic_subscribers` (
  `id` int(11) NOT NULL AUTO_INCREMENT,
  `topic_id` int(11) NOT NULL,
  `user_id` int(11) NOT NULL,
  PRIMARY KEY (`id`),
  UNIQUE KEY `topic_id` (`topic_id`,`user_id`),
  KEY `pybb_topic_subscribers_57732028` (`topic_id`),
  KEY `pybb_topic_subscribers_fbfc09f1` (`user_id`)
) ENGINE=MyISAM AUTO_INCREMENT=92 DEFAULT CHARSET=latin1;
/*!40101 SET character_set_client = @saved_cs_client */;

--
-- Dumping data for table `pybb_topic_subscribers`
--

LOCK TABLES `pybb_topic_subscribers` WRITE;
/*!40000 ALTER TABLE `pybb_topic_subscribers` DISABLE KEYS */;
INSERT INTO `pybb_topic_subscribers` VALUES (3,3,1),(4,3,32),(55,4,29),(52,5,29),(50,6,21),(8,7,18),(65,8,1),(10,9,18),(54,4,21),(49,6,18),(13,7,1),(66,8,18),(15,9,1),(51,5,1),(17,7,21),(48,6,1),(53,4,1),(20,10,29),(21,10,1),(22,11,1),(23,12,1),(47,13,30),(46,13,20),(68,14,30),(27,15,21),(45,13,1),(67,14,1),(30,15,1),(31,3,18),(74,16,1),(71,17,26),(44,18,20),(43,18,1),(42,19,1),(41,20,1),(38,21,1),(60,22,1),(61,22,20),(70,17,1),(73,23,1),(72,24,1),(75,25,1),(77,26,1),(78,27,29),(79,27,1),(80,28,1),(81,29,1),(83,30,1),(90,35,1),(89,34,1),(86,32,30),(87,32,1),(88,33,1),(91,36,29);
/*!40000 ALTER TABLE `pybb_topic_subscribers` ENABLE KEYS */;
UNLOCK TABLES;

--
-- Table structure for table `pybb_topicreadtracker`
--

DROP TABLE IF EXISTS `pybb_topicreadtracker`;
/*!40101 SET @saved_cs_client     = @@character_set_client */;
/*!40101 SET character_set_client = utf8 */;
CREATE TABLE `pybb_topicreadtracker` (
  `id` int(11) NOT NULL AUTO_INCREMENT,
  `user_id` int(11) NOT NULL,
  `topic_id` int(11) DEFAULT NULL,
  `time_stamp` datetime NOT NULL,
  PRIMARY KEY (`id`),
  KEY `pybb_topicreadtracker_fbfc09f1` (`user_id`),
  KEY `pybb_topicreadtracker_57732028` (`topic_id`)
) ENGINE=MyISAM AUTO_INCREMENT=165 DEFAULT CHARSET=latin1;
/*!40101 SET character_set_client = @saved_cs_client */;

--
-- Dumping data for table `pybb_topicreadtracker`
--

LOCK TABLES `pybb_topicreadtracker` WRITE;
/*!40000 ALTER TABLE `pybb_topicreadtracker` DISABLE KEYS */;
INSERT INTO `pybb_topicreadtracker` VALUES (55,29,7,'2012-02-20 09:00:44'),(54,29,11,'2012-02-20 09:00:52'),(53,29,4,'2012-02-20 08:58:11'),(52,29,10,'2012-02-20 08:57:47'),(51,29,5,'2012-02-20 08:57:02'),(58,22,12,'2012-02-20 23:17:30'),(59,22,6,'2012-02-20 23:17:47'),(60,20,12,'2012-02-21 13:45:38'),(61,20,5,'2012-02-21 13:45:46'),(62,20,13,'2012-02-21 22:33:49'),(63,27,13,'2012-02-21 15:24:55'),(64,27,6,'2012-02-21 15:25:05'),(66,30,13,'2012-02-21 20:03:32'),(67,30,12,'2012-02-21 20:03:43'),(68,30,6,'2012-02-21 20:03:58'),(70,30,14,'2012-02-21 21:00:24'),(84,20,3,'2012-02-21 22:33:30'),(85,20,15,'2012-02-21 22:33:34'),(86,20,14,'2012-02-21 22:33:42'),(79,30,15,'2012-02-21 21:01:24'),(87,28,15,'2012-02-21 23:36:34'),(90,26,17,'2012-02-22 10:22:19'),(101,26,19,'2012-02-23 18:08:03'),(95,20,18,'2012-02-24 13:49:42'),(102,26,18,'2012-02-23 18:08:38'),(103,26,5,'2012-02-23 18:09:20'),(110,26,21,'2012-02-24 08:03:26'),(111,20,21,'2012-02-24 10:58:47'),(112,20,22,'2012-02-24 13:47:58'),(117,20,20,'2012-02-24 13:48:16'),(118,20,17,'2012-02-24 13:49:16'),(119,30,22,'2012-02-24 16:23:32'),(120,30,21,'2012-02-24 16:23:38'),(121,30,16,'2012-02-24 16:23:42'),(130,29,24,'2012-02-26 00:15:12'),(133,29,26,'2012-02-27 14:29:35'),(134,29,27,'2012-02-28 06:19:08'),(135,30,27,'2012-02-27 16:55:07'),(143,29,30,'2012-02-28 11:52:36'),(162,29,36,'2012-04-04 10:54:02'),(147,18,29,'2012-02-28 16:01:36'),(161,29,28,'2012-03-27 09:52:43'),(151,30,32,'2012-03-14 21:31:06'),(163,29,34,'2012-03-27 12:59:49');
/*!40000 ALTER TABLE `pybb_topicreadtracker` ENABLE KEYS */;
UNLOCK TABLES;

--
-- Table structure for table `registration_registrationprofile`
--

DROP TABLE IF EXISTS `registration_registrationprofile`;
/*!40101 SET @saved_cs_client     = @@character_set_client */;
/*!40101 SET character_set_client = utf8 */;
CREATE TABLE `registration_registrationprofile` (
  `id` int(11) NOT NULL AUTO_INCREMENT,
  `user_id` int(11) NOT NULL,
  `activation_key` varchar(40) NOT NULL,
  PRIMARY KEY (`id`),
  UNIQUE KEY `user_id` (`user_id`)
) ENGINE=MyISAM AUTO_INCREMENT=4 DEFAULT CHARSET=utf8;
/*!40101 SET character_set_client = @saved_cs_client */;

--
-- Dumping data for table `registration_registrationprofile`
--

LOCK TABLES `registration_registrationprofile` WRITE;
/*!40000 ALTER TABLE `registration_registrationprofile` DISABLE KEYS */;
INSERT INTO `registration_registrationprofile` VALUES (1,33,'ALREADY_ACTIVATED'),(2,34,'ALREADY_ACTIVATED'),(3,35,'ALREADY_ACTIVATED');
/*!40000 ALTER TABLE `registration_registrationprofile` ENABLE KEYS */;
UNLOCK TABLES;

--
-- Table structure for table `south_migrationhistory`
--

DROP TABLE IF EXISTS `south_migrationhistory`;
/*!40101 SET @saved_cs_client     = @@character_set_client */;
/*!40101 SET character_set_client = utf8 */;
CREATE TABLE `south_migrationhistory` (
  `id` int(11) NOT NULL AUTO_INCREMENT,
  `app_name` varchar(255) NOT NULL,
  `migration` varchar(255) NOT NULL,
  `applied` datetime NOT NULL,
  PRIMARY KEY (`id`)
) ENGINE=MyISAM DEFAULT CHARSET=utf8;
/*!40101 SET character_set_client = @saved_cs_client */;

--
-- Dumping data for table `south_migrationhistory`
--

LOCK TABLES `south_migrationhistory` WRITE;
/*!40000 ALTER TABLE `south_migrationhistory` DISABLE KEYS */;
/*!40000 ALTER TABLE `south_migrationhistory` ENABLE KEYS */;
UNLOCK TABLES;

--
-- Table structure for table `thumbnail_kvstore`
--

DROP TABLE IF EXISTS `thumbnail_kvstore`;
/*!40101 SET @saved_cs_client     = @@character_set_client */;
/*!40101 SET character_set_client = utf8 */;
CREATE TABLE `thumbnail_kvstore` (
  `key` varchar(200) NOT NULL,
  `value` longtext NOT NULL,
  PRIMARY KEY (`key`)
) ENGINE=MyISAM DEFAULT CHARSET=latin1;
/*!40101 SET character_set_client = @saved_cs_client */;

--
-- Dumping data for table `thumbnail_kvstore`
--

LOCK TABLES `thumbnail_kvstore` WRITE;
/*!40000 ALTER TABLE `thumbnail_kvstore` DISABLE KEYS */;
/*!40000 ALTER TABLE `thumbnail_kvstore` ENABLE KEYS */;
UNLOCK TABLES;
/*!40103 SET TIME_ZONE=@OLD_TIME_ZONE */;

/*!40101 SET SQL_MODE=@OLD_SQL_MODE */;
/*!40014 SET FOREIGN_KEY_CHECKS=@OLD_FOREIGN_KEY_CHECKS */;
/*!40014 SET UNIQUE_CHECKS=@OLD_UNIQUE_CHECKS */;
/*!40101 SET CHARACTER_SET_CLIENT=@OLD_CHARACTER_SET_CLIENT */;
/*!40101 SET CHARACTER_SET_RESULTS=@OLD_CHARACTER_SET_RESULTS */;
/*!40101 SET COLLATION_CONNECTION=@OLD_COLLATION_CONNECTION */;
/*!40111 SET SQL_NOTES=@OLD_SQL_NOTES */;

-- Dump completed on 2012-06-12 21:54:07
